No.,建屋,階,部屋名,部署,"分電盤
No.",分電盤名,"親分電盤
(あれば)","電力量計
あり/なし","ﾌﾞﾚｰｶ番号
(あれば)","電圧
200/100","相
3/1","ﾌﾞﾚｰｶ容量
A",負荷名,"ｹｰﾌﾞﾙ径
mm",備考,"電力量計
取付対象",線,型番,単価,必要CT数,小計,電力計,電力計単価,M5Stack,M5Stack単価
339.0,3-3,1.0,ﾎﾙﾀﾞ後処理室,ﾎﾙﾀﾞ,,1L-1,,なし,,100/200,1.0,225,主幹,16,単相3線式,1.0,2.0,KM-NCT-225A,3900.0,1.0,3900.0,,,,
340.0,3-3,1.0,ﾎﾙﾀﾞ後処理室,ﾎﾙﾀﾞ,,1L-1,,なし,1,200,1.0,20,ﾃｸﾆｶﾙｾﾝﾀｰ電灯201,3.5,,,2.0,,,,,,,,
341.0,3-3,1.0,ﾎﾙﾀﾞ後処理室,ﾎﾙﾀﾞ,,1L-1,,なし,3,200,1.0,20,ﾃｸﾆｶﾙｾﾝﾀｰ電灯203,3.5,,,2.0,,,,,,,,
342.0,3-3,1.0,ﾎﾙﾀﾞ後処理室,ﾎﾙﾀﾞ,,1L-1,,なし,5,200,1.0,20,なし,3.5,OFF,,2.0,,,,,,,,
343.0,3-3,1.0,ﾎﾙﾀﾞ後処理室,ﾎﾙﾀﾞ,,1L-1,,なし,7,200,1.0,20,なし,なし,OFF,,2.0,,,,,,,,
344.0,3-3,1.0,ﾎﾙﾀﾞ後処理室,ﾎﾙﾀﾞ,,1L-1,,なし,9,200,1.0,20,なし,なし,OFF,,2.0,,,,,,,,
345.0,3-3,1.0,ﾎﾙﾀﾞ後処理室,ﾎﾙﾀﾞ,,1L-1,,なし,1,100,1.0,20,なし,なし,OFF,,2.0,,,,,,,,
346.0,3-3,1.0,ﾎﾙﾀﾞ後処理室,ﾎﾙﾀﾞ,,1L-1,,なし,3,100,1.0,20,ﾃｸﾆｶﾙｾﾝﾀｰｺﾝｾﾝﾄ301,3.5,,,2.0,,,,,,,,
347.0,3-3,1.0,ﾎﾙﾀﾞ後処理室,ﾎﾙﾀﾞ,,1L-1,,なし,5,100,1.0,20,SIRON F904,3.5,,,2.0,,,,,,,,
348.0,3-3,1.0,ﾎﾙﾀﾞ後処理室,ﾎﾙﾀﾞ,,1L-1,,なし,7,100,1.0,20,作業室(KO-10)ｺﾝｾﾝﾄ305,3.5,,,2.0,,,,,,,,
349.0,3-3,1.0,ﾎﾙﾀﾞ後処理室,ﾎﾙﾀﾞ,,1L-1,,なし,9,100,1.0,20,なし,なし,OFF,,2.0,,,,,,,,
350.0,3-3,1.0,ﾎﾙﾀﾞ後処理室,ﾎﾙﾀﾞ,,1L-1,,なし,11,100,1.0,20,測定室ｺﾝｾﾝﾄ309,3.5,,,2.0,,,,,,,,
351.0,3-3,1.0,ﾎﾙﾀﾞ後処理室,ﾎﾙﾀﾞ,,1L-1,,なし,13,100,1.0,20,測定室LANｺﾝｾﾝﾄ311,3.5,,,2.0,,,,,,,,
352.0,3-3,1.0,ﾎﾙﾀﾞ後処理室,ﾎﾙﾀﾞ,,1L-1,,なし,15,100,1.0,20,電動ｼｬｯﾀｰ,なし,OFF,,2.0,,,,,,,,
353.0,3-3,1.0,ﾎﾙﾀﾞ後処理室,ﾎﾙﾀﾞ,,1L-1,,なし,17,100,1.0,20,予備100V電源1,3.5,,,2.0,,,,,,,,
354.0,3-3,1.0,ﾎﾙﾀﾞ後処理室,ﾎﾙﾀﾞ,,1L-1,,なし,19,100,1.0,20,なし,なし,OFF,,2.0,,,,,,,,
355.0,3-3,1.0,ﾎﾙﾀﾞ後処理室,ﾎﾙﾀﾞ,,1L-1,,なし,2,200,1.0,20,ﾃｸﾆｶﾙｾﾝﾀｰ電灯202,3.5,,,2.0,,,,,,,,
356.0,3-3,1.0,ﾎﾙﾀﾞ後処理室,ﾎﾙﾀﾞ,,1L-1,,なし,4,200,1.0,20,ｸﾘｰﾝﾌﾞｰｽ照明･FFU電源,3.5,,,2.0,,,,,,,,
357.0,3-3,1.0,ﾎﾙﾀﾞ後処理室,ﾎﾙﾀﾞ,,1L-1,,なし,6,200,1.0,20,なし,3.5,OFF,,2.0,,,,,,,,
358.0,3-3,1.0,ﾎﾙﾀﾞ後処理室,ﾎﾙﾀﾞ,,1L-1,,なし,8,200,1.0,20,なし,なし,OFF,,2.0,,,,,,,,
359.0,3-3,1.0,ﾎﾙﾀﾞ後処理室,ﾎﾙﾀﾞ,,1L-1,,なし,10,200,1.0,20,なし,なし,OFF,,2.0,,,,,,,,
360.0,3-3,1.0,ﾎﾙﾀﾞ後処理室,ﾎﾙﾀﾞ,,1L-1,,なし,2,100,1.0,20,なし,なし,OFF,,2.0,,,,,,,,
361.0,3-3,1.0,ﾎﾙﾀﾞ後処理室,ﾎﾙﾀﾞ,,1L-1,,なし,4,100,1.0,20,なし,なし,OFF,,2.0,,,,,,,,
362.0,3-3,1.0,ﾎﾙﾀﾞ後処理室,ﾎﾙﾀﾞ,,1L-1,,なし,6,100,1.0,20,ﾃｸﾆｶﾙｾﾝﾀｰｺﾝｾﾝﾄ304,3.5,,,2.0,,,,,,,,
363.0,3-3,1.0,ﾎﾙﾀﾞ後処理室,ﾎﾙﾀﾞ,,1L-1,,なし,8,100,1.0,20,なし,3.5,OFF,,2.0,,,,,,,,
364.0,3-3,1.0,ﾎﾙﾀﾞ後処理室,ﾎﾙﾀﾞ,,1L-1,,なし,10,100,1.0,20,ﾃｸﾆｶﾙｾﾝﾀｰｺﾝｾﾝﾄ308,3.5,,,2.0,,,,,,,,
365.0,3-3,1.0,ﾎﾙﾀﾞ後処理室,ﾎﾙﾀﾞ,,1L-1,,なし,,100,1.0,30,測定室ｺﾝｾﾝﾄ310,3.5,,,2.0,,,,,,,,
366.0,3-3,1.0,ﾎﾙﾀﾞ後処理室,ﾎﾙﾀﾞ,,1L-1,,なし,14,100,1.0,20,ﾌｧﾝｺｲﾙ,3.5,,,2.0,,,,,,,,
367.0,3-3,1.0,ﾎﾙﾀﾞ後処理室,ﾎﾙﾀﾞ,,1L-1,,なし,16,100,1.0,20,柱ｺﾝｾﾝﾄ,3.5,,,2.0,,,,,,,,
368.0,3-3,1.0,ﾎﾙﾀﾞ後処理室,ﾎﾙﾀﾞ,,1L-1,,なし,18,100,1.0,20,作業室(KO-10)ｺﾝｾﾝﾄ310,3.5,,,2.0,,,,,,,,
369.0,3-3,1.0,ﾎﾙﾀﾞ後処理室,ﾎﾙﾀﾞ,,1L-1,,なし,20,100,1.0,20,ﾌﾞｰｽ横ｺﾝｾﾝﾄ,3.5,,,2.0,,,,,,,,
370.0,3-3,1.0,ﾎﾙﾀﾞ後処理室,ﾎﾙﾀﾞ,,1M-1,,なし,10,200,3.0,400,主幹1,26,,1.0,3.0,KM-NCT-400A,5200.0,2.0,10400.0,,,,
371.0,3-3,1.0,ﾎﾙﾀﾞ後処理室,ﾎﾙﾀﾞ,,1M-1,,なし,20,200,3.0,400,主幹2,26,,1.0,3.0,KM-NCT-400A,5200.0,2.0,10400.0,,,,
372.0,3-3,1.0,ﾎﾙﾀﾞ後処理室,ﾎﾙﾀﾞ,,1M-1,,なし,,200,3.0,225,なし,なし,OFF,,3.0,,,,,,,,
373.0,3-3,1.0,ﾎﾙﾀﾞ後処理室,ﾎﾙﾀﾞ,,1M-1,,なし,21,200,3.0,400,なし,26,OFF,,3.0,,,,,,,,
374.0,3-3,1.0,ﾎﾙﾀﾞ後処理室,ﾎﾙﾀﾞ,,1M-1,,なし,22,200,3.0,225,1M-1-1へ,14,,,3.0,,,,,,,,
375.0,3-3,1.0,ﾎﾙﾀﾞ後処理室,ﾎﾙﾀﾞ,,1M-1,,なし,,200,3.0,200,なし,20,,,3.0,,,,,,,,
376.0,3-3,1.0,ﾎﾙﾀﾞ後処理室,ﾎﾙﾀﾞ,,1M-1,,なし,,200,3.0,150,自動ﾌﾞﾗｽﾄ機,15,,,3.0,,,,,,,,
377.0,3-3,1.0,ﾎﾙﾀﾞ後処理室,ﾎﾙﾀﾞ,,1M-1,,なし,,200,3.0,100,なし,5,,,3.0,,,,,,,,
378.0,3-3,1.0,ﾎﾙﾀﾞ後処理室,ﾎﾙﾀﾞ,,1M-1,,なし,,200,3.0,20,集塵機,4,,,3.0,,,,,,,,
379.0,3-3,1.0,ﾎﾙﾀﾞ後処理室,ﾎﾙﾀﾞ,,1M-1,,なし,,200,3.0,20,手動ﾌﾞﾗｽﾄ機,4,,,3.0,,,,,,,,
380.0,3-3,1.0,ﾎﾙﾀﾞ後処理室,ﾎﾙﾀﾞ,,1M-1,,あり,11,200,3.0,225,なし,14,,,3.0,,,,,,,,
381.0,3-3,1.0,ﾎﾙﾀﾞ後処理室,ﾎﾙﾀﾞ,,1M-1,,なし,12,200,3.0,225,なし,14,,,3.0,,,,,,,,
382.0,3-3,1.0,ﾎﾙﾀﾞ後処理室,ﾎﾙﾀﾞ,,1M-1,,なし,13,200,3.0,100,なし,9,,,3.0,,,,,,,,
383.0,3-3,1.0,ﾎﾙﾀﾞ後処理室,ﾎﾙﾀﾞ,,1M-1,,なし,,200,3.0,100,高精度穴あけ機電源盤,13,,,3.0,,,,,,,,
384.0,3-3,1.0,ﾎﾙﾀﾞ後処理室,ﾎﾙﾀﾞ,,1M-1,,なし,15,200,3.0,50,ﾌﾞﾗｽﾄ室空調,5,,,3.0,,,,,,,,
385.0,3-3,1.0,ﾎﾙﾀﾞ後処理室,ﾎﾙﾀﾞ,,1M-1,,なし,16,200,3.0,15,砥石切断機,4,,,3.0,,,,,,,,
386.0,3-3,1.0,ﾎﾙﾀﾞ後処理室,ﾎﾙﾀﾞ,,1M-1,,なし,17,200,3.0,30,ｸﾚｰﾝ,5,,,3.0,,,,,,,,
387.0,3-3,1.0,ﾎﾙﾀﾞ後処理室,ﾎﾙﾀﾞ,,1M-1,,なし,30,200,3.0,30,主幹3,6,,1.0,3.0,M-NCT-5A/50A,2880.0,2.0,5760.0,,,,
388.0,3-3,1.0,ﾎﾙﾀﾞ後処理室,ﾎﾙﾀﾞ,,1M-1,,なし,31,200,3.0,15,ﾊﾟｯｹｰｼﾞ型空調機,4,,,3.0,,,,,,,,
389.0,3-3,1.0,ﾎﾙﾀﾞ後処理室,ﾎﾙﾀﾞ,,1M-1,,なし,33,200,3.0,15,換気扇(排気),4,,,3.0,,,,,,,,
390.0,3-3,1.0,ﾎﾙﾀﾞ後処理室,ﾎﾙﾀﾞ,,1M-1,,なし,35,200,3.0,15,換気扇(給気),4,,,3.0,,,,,,,,
391.0,3-3,1.0,ﾎﾙﾀﾞ後処理室,ﾎﾙﾀﾞ,,1M-1,,なし,32,200,3.0,15,ﾊﾟｯｹｰｼﾞ型空調機,4,,,3.0,,,,,,,,
392.0,3-3,1.0,ﾎﾙﾀﾞ後処理室,ﾎﾙﾀﾞ,,1M-1,,なし,34,200,3.0,15,換気扇(排気),4,,,3.0,,,,,,,,
393.0,3-3,1.0,ﾎﾙﾀﾞ後処理室,ﾎﾙﾀﾞ,,1M-1,,なし,36,200,3.0,15,換気扇(給気),4,,,3.0,,,,,,,,
583.0,3-3,2.0,CBN事務所,CBN,,2L-1,,なし,,100/200,1.0,100,主幹,20,単相3線式,1.0,2.0,KM-NCT-225A,3900.0,1.0,3900.0,,,,
584.0,3-3,2.0,CBN事務所,CBN,,2L-1,,なし,,200,1.0,20,CAD室照明,3.5,,,2.0,,,,,,,,
585.0,3-3,2.0,CBN事務所,CBN,,2L-1,,なし,,200,1.0,20,なし,なし,,,2.0,,,,,,,,
586.0,3-3,2.0,CBN事務所,CBN,,2L-1,,なし,,100,1.0,20,自動C面機､ADG天井差し込み,3.5,,,2.0,,,,,,,,
587.0,3-3,2.0,CBN事務所,CBN,,2L-1,,なし,,100,1.0,20,富士産機､AP460-3天井差し込み,3.5,,,2.0,,,,,,,,
588.0,3-3,2.0,CBN事務所,CBN,,2L-1,,なし,,100,1.0,20,製造事務室差し込301,3.5,,,2.0,,,,,,,,
589.0,3-3,2.0,CBN事務所,CBN,,2L-1,,なし,,100,1.0,20,製造事務室差し込303,3.5,,,2.0,,,,,,,,
590.0,3-3,2.0,CBN事務所,CBN,,2L-1,,なし,,100,1.0,20,CAD室差し込305,3.5,,,2.0,,,,,,,,
591.0,3-3,2.0,CBN事務所,CBN,,2L-1,,なし,,100,1.0,20,CAD室差し込307,3.5,,,2.0,,,,,,,,
592.0,3-3,2.0,CBN事務所,CBN,,2L-1,,なし,,100,1.0,20,製造事務室LAN用309,3.5,,,2.0,,,,,,,,
593.0,3-3,2.0,CBN事務所,CBN,,2L-1,,なし,,100,1.0,20,CAD室ﾌﾛｱｺﾝｾﾝﾄ,3.5,未使用,,2.0,,,,,,,,
594.0,3-3,2.0,CBN事務所,CBN,,2L-1,,なし,,100,1.0,20,ﾊﾟﾜｰｲﾝﾀｰﾎﾝ,3.5,,,2.0,,,,,,,,
595.0,3-3,2.0,CBN事務所,CBN,,2L-1,,なし,,200,1.0,20,製造事務室照明,3.5,,,2.0,,,,,,,,
596.0,3-3,2.0,CBN事務所,CBN,,2L-1,,なし,,200,1.0,20,ｴｱｺﾝ,3.5,,,2.0,,,,,,,,
597.0,3-3,2.0,CBN事務所,CBN,,2L-1,,なし,,100,1.0,20,C両頭研削盤,なし,,,2.0,,,,,,,,
598.0,3-3,2.0,CBN事務所,CBN,,2L-1,,なし,,200,1.0,20,なし,なし,,,2.0,,,,,,,,
599.0,3-3,2.0,CBN事務所,CBN,,2L-1,,なし,,100,1.0,20,製造事務室差し込302,3.5,,,2.0,,,,,,,,
600.0,3-3,2.0,CBN事務所,CBN,,2L-1,,なし,,100,1.0,20,CAD室差込304,3.5,,,2.0,,,,,,,,
601.0,3-3,2.0,CBN事務所,CBN,,2L-1,,なし,,100,1.0,20,CAD室差込306,3.5,,,2.0,,,,,,,,
602.0,3-3,2.0,CBN事務所,CBN,,2L-1,,なし,,100,1.0,20,予備室/PVD室 LAN用308,3.5,,,2.0,,,,,,,,
603.0,3-3,2.0,CBN事務所,CBN,,2L-1,,なし,,100,1.0,20,CAD室LAN用310,3.5,,,2.0,,,,,,,,
604.0,3-3,2.0,CBN事務所,CBN,,2L-1,,なし,,100,1.0,20,ﾛｽﾅｲ,3.5,,,2.0,,,,,,,,
605.0,3-3,2.0,CBN事務所,CBN,,2L-1,,なし,,100,1.0,20,1階一括警報表示盤,なし,,,2.0,,,,,,,,
730.0,3-3,3.0,ﾎﾙﾀﾞ梱包室,,,3L-1,,なし,,100/200,1.0,100,主幹,11,単相3線式､ケーブル短い,1.0,2.0,KM-NCT-100A,3220.0,1.0,3220.0,,,,
731.0,3-3,3.0,ﾎﾙﾀﾞ梱包室,,,3L-1,,なし,1,200,1.0,20,検査室照明(1),5,,,2.0,,,,,,,,
732.0,3-3,3.0,ﾎﾙﾀﾞ梱包室,,,3L-1,,なし,2,200,1.0,20,検査室照明(2),5X2,,,2.0,,,,,,,,
733.0,3-3,3.0,ﾎﾙﾀﾞ梱包室,,,3L-1,,なし,3,200,1.0,20,梱包出荷室照明,5,,,2.0,,,,,,,,
734.0,3-3,3.0,ﾎﾙﾀﾞ梱包室,,,3L-1,,なし,4,200,1.0,20,検査室照明(3),5,,,2.0,,,,,,,,
735.0,3-3,3.0,ﾎﾙﾀﾞ梱包室,,,3L-1,,なし,5,200,1.0,20,廊下照明,5,,,2.0,,,,,,,,
736.0,3-3,3.0,ﾎﾙﾀﾞ梱包室,,,3L-1,,なし,6,200,1.0,20,出荷検査QA室ｴｱｺﾝ,5,,,2.0,,,,,,,,
737.0,3-3,3.0,ﾎﾙﾀﾞ梱包室,,,3L-1,,なし,7,200,1.0,20,工具倉庫増設蛍光灯,5,,,2.0,,,,,,,,
738.0,3-3,3.0,ﾎﾙﾀﾞ梱包室,,,3L-1,,なし,8,200,1.0,20,工具倉庫増設蛍光灯2,5,,,2.0,,,,,,,,
739.0,3-3,3.0,ﾎﾙﾀﾞ梱包室,,,3L-1,,なし,1,100,1.0,20,検査室差込301,5,,,2.0,,,,,,,,
740.0,3-3,3.0,ﾎﾙﾀﾞ梱包室,,,3L-1,,なし,2,100,1.0,20,検査室差込302,5,,,2.0,,,,,,,,
741.0,3-3,3.0,ﾎﾙﾀﾞ梱包室,,,3L-1,,なし,3,100,1.0,20,梱包出荷室差込303,5,,,2.0,,,,,,,,
742.0,3-3,3.0,ﾎﾙﾀﾞ梱包室,,,3L-1,,なし,4,100,1.0,20,検査室差込304,5,,,2.0,,,,,,,,
743.0,3-3,3.0,ﾎﾙﾀﾞ梱包室,,,3L-1,,なし,5,100,1.0,20,未仕上げ室差込305,5,,,2.0,,,,,,,,
744.0,3-3,3.0,ﾎﾙﾀﾞ梱包室,,,3L-1,,なし,6,100,1.0,20,検査室差込306,5,,,2.0,,,,,,,,
745.0,3-3,3.0,ﾎﾙﾀﾞ梱包室,,,3L-1,,なし,7,100,1.0,20,梱包出荷室差込307,5,,,2.0,,,,,,,,
746.0,3-3,3.0,ﾎﾙﾀﾞ梱包室,,,3L-1,,なし,8,100,1.0,20,検査室差込308,5,,,2.0,,,,,,,,
747.0,3-3,3.0,ﾎﾙﾀﾞ梱包室,,,3L-1,,なし,9,100,1.0,20,検査室差込309,5,,,2.0,,,,,,,,
748.0,3-3,3.0,ﾎﾙﾀﾞ梱包室,,,3L-1,,なし,10,100,1.0,20,梱包出荷室LAN用310,5,,,2.0,,,,,,,,
749.0,3-3,3.0,ﾎﾙﾀﾞ梱包室,,,3L-1,,なし,11,100,1.0,20,検査室LAN用311,5,,,2.0,,,,,,,,
750.0,3-3,3.0,ﾎﾙﾀﾞ梱包室,,,3L-1,,なし,12,100,1.0,20,ﾛｽﾅｲ,5,,,2.0,,,,,,,,
751.0,3-3,3.0,ﾎﾙﾀﾞ梱包室,,,3L-1,,なし,13,100,1.0,20,出荷仕分け室ﾌﾛｱｺﾝｾﾝﾄ,5,,,2.0,,,,,,,,
752.0,3-3,3.0,ﾎﾙﾀﾞ梱包室,,,3L-1,,なし,14,100,1.0,20,予備,5,OFF,,2.0,,,,,,,,
777.0,1-1,1.0,ｿﾘｯﾄﾞ工具加工室1,RT,1,L-1南側外灯電源盤,L-1 20A,なし,,200,1.0,20,屋外LED灯6台,4,,,2.0,,,,,,,,
778.0,1-1,1.0,ｿﾘｯﾄﾞ工具加工室1,RT,1,L-1南側外灯電源盤,L-1 20A,なし,,200,1.0,20,庇水銀灯,4,,,2.0,,,,,,,,
1.0,3-3,1.0,玄関,共通,20,L33-1A,,あり,,100/200,1.0,100,主幹,11,単相3線式,1.0,2.0,KM-NCT-100A,3220.0,1.0,3220.0,,,,
2.0,3-3,1.0,玄関,共通,20,L33-1A,,あり,,100,1.0,20,誘導灯,3.5,,,2.0,,,,,,,,
3.0,3-3,1.0,玄関,共通,20,L33-1A,,あり,,100,1.0,20,ｲﾝﾀｰﾎﾝ,3.5,,,2.0,,,,,,,,
4.0,3-3,1.0,玄関,共通,20,L33-1A,,あり,201,200,1.0,20,廊下照明,3.5,,,2.0,,,,,,,,
5.0,3-3,1.0,玄関,共通,20,L33-1A,,あり,203,200,1.0,20,加工室200Vｺﾝｾﾝﾄ1,5,,,2.0,,,,,,,,
6.0,3-3,1.0,玄関,共通,20,L33-1A,,あり,205,200,1.0,20,CAD室照明,3.5,,,2.0,,,,,,,,
7.0,3-3,1.0,玄関,共通,20,L33-1A,,あり,101,100,1.0,20,玄関ﾎｰﾙ照明､北西側ｼｬｯﾀｰ横出入口照明,3.5,,,2.0,,,,,,,,
8.0,3-3,1.0,玄関,共通,20,L33-1A,,あり,301,100,1.0,20,玄関ﾎｰﾙ,3.5,,,2.0,,,,,,,,
9.0,3-3,1.0,玄関,共通,20,L33-1A,,あり,303,100,1.0,20,休憩室,3.5,,,2.0,,,,,,,,
10.0,3-3,1.0,玄関,共通,20,L33-1A,,あり,305,100,1.0,20,検査OA室,3.5,,,2.0,,,,,,,,
11.0,3-3,1.0,玄関,共通,20,L33-1A,,あり,307,100,1.0,20,加工室100Vｺﾝｾﾝﾄ6個用,3.5,,,2.0,,,,,,,,
12.0,3-3,1.0,玄関,共通,20,L33-1A,,あり,,100,1.0,20,事務所,3.5,,,2.0,,,,,,,,
13.0,3-3,1.0,玄関,共通,20,L33-1A,,あり,311,100,1.0,20,ﾌｧｸﾄﾗｲﾝ,なし,OFF,,2.0,,,,,,,,
14.0,3-3,1.0,玄関,共通,20,L33-1A,,あり,313,100,1.0,20,ﾌｧｸﾄﾗｲﾝ,なし,OFF,,2.0,,,,,,,,
15.0,3-3,1.0,玄関,共通,20,L33-1A,,あり,902,100,1.0,20,階段照明,3.8,,,2.0,,,,,,,,
16.0,3-3,1.0,玄関,共通,20,L33-1A,,あり,,100,1.0,20,ﾌｧﾝｺｲﾙ,3.5,,,2.0,,,,,,,,
17.0,3-3,1.0,玄関,共通,20,L33-1A,,あり,,200,1.0,20,ﾎﾙﾀﾞ加工室2西側ﾄﾞﾘﾙ実装室照明,3.5,,,2.0,,,,,,,,
18.0,3-3,1.0,玄関,共通,20,L33-1A,,あり,204,200,1.0,20,加工室200Vｺﾝｾﾝﾄ2,3.8,,,2.0,,,,,,,,
19.0,3-3,1.0,玄関,共通,20,L33-1A,,あり,,200,1.0,20,ﾌﾞﾗｽﾄ室測定室照明,3.5,,,2.0,,,,,,,,
20.0,3-3,1.0,玄関,共通,20,L33-1A,,あり,,100,1.0,20,誘導灯信号装置,3.5,,,2.0,,,,,,,,
21.0,3-3,1.0,玄関,共通,20,L33-1A,,あり,302,100,1.0,20,荷捌き室,3.5,,,2.0,,,,,,,,
22.0,3-3,1.0,玄関,共通,20,L33-1A,,あり,304,100,1.0,20,中央監視,3.5,,,2.0,,,,,,,,
23.0,3-3,1.0,玄関,共通,20,L33-1A,,あり,306,100,1.0,20,事務所ｺﾝｾﾝﾄ,3.5,,,2.0,,,,,,,,
24.0,3-3,1.0,玄関,共通,20,L33-1A,,あり,308,100,1.0,20,測定室ｺﾝｾﾝﾄ,3.5,,,2.0,,,,,,,,
25.0,3-3,1.0,玄関,共通,20,L33-1A,,あり,310,100,1.0,20,事務所､測定室換気扇,3.5,,,2.0,,,,,,,,
26.0,3-3,1.0,玄関,共通,20,L33-1A,,あり,312,100,1.0,20,ﾌｧｸﾄﾗｲﾝ,なし,OFF,,2.0,,,,,,,,
27.0,3-3,1.0,玄関,共通,20,L33-1A,,あり,314,100,1.0,20,換気扇,3.5,,,2.0,,,,,,,,
28.0,3-3,1.0,玄関,共通,20,L33-1A,,あり,,100,1.0,20,非常灯,4,,,2.0,,,,,,,,
29.0,3-3,1.0,玄関,共通,20,L33-1A,,あり,,100,1.0,20,非常灯,4,,,2.0,,,,,,,,
30.0,3-3,1.0,玄関,共通,20,L33-1A,,あり,315,100,1.0,20,自動ﾄﾞｱ,3.5,,,2.0,,,,,,,,
31.0,3-3,1.0,玄関,共通,20,L33-1A,,あり,317,100,1.0,20,事務室,なし,OFF,,2.0,,,,,,,,
32.0,3-3,1.0,玄関,共通,20,L33-1A,,あり,319,100,1.0,20,事務室,3.5,,,2.0,,,,,,,,
33.0,3-3,1.0,玄関,共通,20,L33-1A,,あり,321,100,1.0,20,ﾎﾙﾀﾞ加工室全熱交換機,3.8,,,2.0,,,,,,,,
34.0,3-3,1.0,玄関,共通,20,L33-1A,,あり,323,100,1.0,20,受け入れ室,なし,OFF,,2.0,,,,,,,,
35.0,3-3,1.0,玄関,共通,20,L33-1A,,あり,325,100,1.0,20,CAD室,なし,OFF,,2.0,,,,,,,,
36.0,3-3,1.0,玄関,共通,20,L33-1A,,あり,327,100,1.0,20,CAD室,なし,OFF,,2.0,,,,,,,,
37.0,3-3,1.0,玄関,共通,20,L33-1A,,あり,329,100,1.0,20,CAD室,なし,OFF,,2.0,,,,,,,,
38.0,3-3,1.0,玄関,共通,20,L33-1A,,あり,331,100,1.0,20,CAD室,なし,OFF,,2.0,,,,,,,,
39.0,3-3,1.0,玄関,共通,20,L33-1A,,あり,,100,1.0,20,防炉,3.5,,,2.0,,,,,,,,
40.0,3-3,1.0,玄関,共通,20,L33-1A,,あり,,100,1.0,20,自火報受信機,3.5,,,2.0,,,,,,,,
41.0,3-3,1.0,玄関,共通,20,L33-1A,,あり,,100,1.0,20,AMP,3.5,,,2.0,,,,,,,,
42.0,3-3,1.0,玄関,共通,20,L33-1A,,あり,206,200,1.0,20,外灯,5,,,2.0,,,,,,,,
43.0,3-3,1.0,玄関,共通,20,L33-1A,,あり,316,100,1.0,20,事務室,なし,OFF,,2.0,,,,,,,,
44.0,3-3,1.0,玄関,共通,20,L33-1A,,あり,318,100,1.0,20,事務室,3.5,,,2.0,,,,,,,,
45.0,3-3,1.0,玄関,共通,20,L33-1A,,あり,320,100,1.0,20,事務室,3.5,,,2.0,,,,,,,,
46.0,3-3,1.0,玄関,共通,20,L33-1A,,あり,322,100,1.0,20,空き,なし,OFF,,2.0,,,,,,,,
47.0,3-3,1.0,玄関,共通,20,L33-1A,,あり,324,100,1.0,20,受け入れ室,なし,OFF,,2.0,,,,,,,,
48.0,3-3,1.0,玄関,共通,20,L33-1A,,あり,326,100,1.0,20,CAD室,なし,OFF,,2.0,,,,,,,,
49.0,3-3,1.0,玄関,共通,20,L33-1A,,あり,328,100,1.0,20,CAD室,なし,OFF,,2.0,,,,,,,,
50.0,3-3,1.0,玄関,共通,20,L33-1A,,あり,330,100,1.0,20,CR制御盤,3.5,,,2.0,,,,,,,,
51.0,3-3,1.0,玄関,共通,20,L33-1A,,あり,332,100,1.0,20,CAD室,なし,OFF,,2.0,,,,,,,,
52.0,3-3,1.0,玄関,共通,20,L33-1A,,あり,,100,1.0,20,空き,3.5,,,2.0,,,,,,,,
53.0,3-3,1.0,玄関,共通,20,L33-1A,,あり,,100,1.0,20,事務室,なし,OFF,,2.0,,,,,,,,
54.0,3-3,1.0,玄関,共通,20,L33-1A,,あり,,100,1.0,20,洗浄処理室,3.5,,,2.0,,,,,,,,
55.0,3-3,1.0,玄関,共通,20,L33-1A,,あり,,200,1.0,20,空き,なし,OFF,,2.0,,,,,,,,
252.0,3-3,1.0,ﾎﾙﾀﾞ旋削加工室,,7,L33-1B,,あり,,100/200,1.0,250,主幹,19,単相3線式,1.0,2.0,KM-NCT-400A,5200.0,1.0,5200.0,,,,
253.0,3-3,1.0,ﾎﾙﾀﾞ旋削加工室,,7,L33-1B,,あり,901,100,1.0,20,誘導灯,4,,,2.0,,,,,,,,
254.0,3-3,1.0,ﾎﾙﾀﾞ旋削加工室,,7,L33-1B,,あり,101,100,1.0,20,外部階段照明,3.5,,,2.0,,,,,,,,
255.0,3-3,1.0,ﾎﾙﾀﾞ旋削加工室,,7,L33-1B,,あり,,100,1.0,20,ﾚｰｻﾞｰﾏｰｶｰ盤,5,,,2.0,,,,,,,,
256.0,3-3,1.0,ﾎﾙﾀﾞ旋削加工室,,7,L33-1B,,あり,217,200,1.0,20,外灯,5,OFF,,2.0,,,,,,,,
257.0,3-3,1.0,ﾎﾙﾀﾞ旋削加工室,,7,L33-1B,,あり,,100,1.0,20,UVN-450D(H)用ｺﾝｾﾝﾄ,3.5,,,2.0,,,,,,,,
258.0,3-3,1.0,ﾎﾙﾀﾞ旋削加工室,,7,L33-1B,,あり,,100,1.0,20,溶剤供給設備制御盤,4,,,2.0,,,,,,,,
259.0,3-3,1.0,ﾎﾙﾀﾞ旋削加工室,,7,L33-1B,,あり,,100,1.0,20,100Vｺﾝｾﾝﾄ,3.5,,,2.0,,,,,,,,
260.0,3-3,1.0,ﾎﾙﾀﾞ旋削加工室,,7,L33-1B,,あり,,200,1.0,20,なし,なし,OFF,,2.0,,,,,,,,
261.0,3-3,1.0,ﾎﾙﾀﾞ旋削加工室,,7,L33-1B,,あり,201,200,1.0,20,KO-1J作業室照明(ﾎﾙﾀﾞ加工室3東側),3.5,,,2.0,,,,,,,,
262.0,3-3,1.0,ﾎﾙﾀﾞ旋削加工室,,7,L33-1B,,あり,203,200,1.0,20,KO-1K作業室照明(ﾎﾙﾀﾞ加工室3西側),3.5,,,2.0,,,,,,,,
263.0,3-3,1.0,ﾎﾙﾀﾞ旋削加工室,,7,L33-1B,,あり,205,200,1.0,20,KO-1L作業室照明(ﾄﾞﾘﾙ加工室),4,,,2.0,,,,,,,,
264.0,3-3,1.0,ﾎﾙﾀﾞ旋削加工室,,7,L33-1B,,あり,207,200,1.0,20,KO-1M作業室照明(ﾎﾙﾀﾞ加工室2真中),4,,,2.0,,,,,,,,
265.0,3-3,1.0,ﾎﾙﾀﾞ旋削加工室,,7,L33-1B,,あり,209,200,1.0,20,KO-1B作業室照明,3.5,,,2.0,,,,,,,,
266.0,3-3,1.0,ﾎﾙﾀﾞ旋削加工室,,7,L33-1B,,あり,211,200,1.0,20,KO-1D作業室照明,4,,,2.0,,,,,,,,
267.0,3-3,1.0,ﾎﾙﾀﾞ旋削加工室,,7,L33-1B,,あり,213,200,1.0,20,KO-1D作業室照明,4,,,2.0,,,,,,,,
268.0,3-3,1.0,ﾎﾙﾀﾞ旋削加工室,,7,L33-1B,,あり,215,200,1.0,20,KO-1A作業室照明,7,,,2.0,,,,,,,,
269.0,3-3,1.0,ﾎﾙﾀﾞ旋削加工室,,7,L33-1B,,あり,,200,1.0,20,ｽﾌﾟﾚｰﾄﾞﾗｲﾔｰ室天井照明,4,,,2.0,,,,,,,,
270.0,3-3,1.0,ﾎﾙﾀﾞ旋削加工室,,7,L33-1B,,あり,,200,1.0,20,KO-1J作業室照明(ﾎﾙﾀﾞ加工室3真中),3.5,,,2.0,,,,,,,,
271.0,3-3,1.0,ﾎﾙﾀﾞ旋削加工室,,7,L33-1B,,あり,204,200,1.0,20,KO-1K作業室照明(NT加工室),3.5,,,2.0,,,,,,,,
272.0,3-3,1.0,ﾎﾙﾀﾞ旋削加工室,,7,L33-1B,,あり,206,200,1.0,20,KO-1L作業室照明(ﾎﾙﾀﾞ加工室2西側),4,,,2.0,,,,,,,,
273.0,3-3,1.0,ﾎﾙﾀﾞ旋削加工室,,7,L33-1B,,あり,208,200,1.0,20,廊下照明,3.5,,,2.0,,,,,,,,
274.0,3-3,1.0,ﾎﾙﾀﾞ旋削加工室,,7,L33-1B,,あり,210,200,1.0,20,KO-1D作業室照明,4,,,2.0,,,,,,,,
275.0,3-3,1.0,ﾎﾙﾀﾞ旋削加工室,,7,L33-1B,,あり,212,200,1.0,20,KO-1D作業室照明,4,,,2.0,,,,,,,,
276.0,3-3,1.0,ﾎﾙﾀﾞ旋削加工室,,7,L33-1B,,あり,214,200,1.0,20,KO-1D作業室照明,4,,,2.0,,,,,,,,
277.0,3-3,1.0,ﾎﾙﾀﾞ旋削加工室,,7,L33-1B,,あり,216,200,1.0,20,KO-1P作業室照明(工具原料室蛍光灯),4,,,2.0,,,,,,,,
278.0,3-3,1.0,ﾎﾙﾀﾞ旋削加工室,,7,L33-1B,,あり,,200,1.0,20,WC灯,3.5,,,2.0,,,,,,,,
279.0,3-3,1.0,ﾎﾙﾀﾞ旋削加工室,,7,L33-1B,,あり,102,100,1.0,20,WC鏡灯,4,,,2.0,,,,,,,,
280.0,3-3,1.0,ﾎﾙﾀﾞ旋削加工室,,7,L33-1B,,あり,301,100,1.0,20,集中制御室,3.5,,,2.0,,,,,,,,
281.0,3-3,1.0,ﾎﾙﾀﾞ旋削加工室,,7,L33-1B,,あり,303,100,1.0,20,KO-1J,4,,,2.0,,,,,,,,
282.0,3-3,1.0,ﾎﾙﾀﾞ旋削加工室,,7,L33-1B,,あり,305,100,1.0,20,廊下(ｼｬｯﾀｰ電源),3.5,,,2.0,,,,,,,,
283.0,3-3,1.0,ﾎﾙﾀﾞ旋削加工室,,7,L33-1B,,あり,307,100,1.0,20,KO-1J,3.5,,,2.0,,,,,,,,
284.0,3-3,1.0,ﾎﾙﾀﾞ旋削加工室,,7,L33-1B,,あり,309,100,1.0,20,KO-1K,3.5,,,2.0,,,,,,,,
285.0,3-3,1.0,ﾎﾙﾀﾞ旋削加工室,,7,L33-1B,,あり,311,100,1.0,20,KO-1L,3.5,,,2.0,,,,,,,,
286.0,3-3,1.0,ﾎﾙﾀﾞ旋削加工室,,7,L33-1B,,あり,313,100,1.0,20,KO-1L,3.5,,,2.0,,,,,,,,
287.0,3-3,1.0,ﾎﾙﾀﾞ旋削加工室,,7,L33-1B,,あり,315,100,1.0,20,KO-1L,3.5,,,2.0,,,,,,,,
288.0,3-3,1.0,ﾎﾙﾀﾞ旋削加工室,,7,L33-1B,,あり,317,100,1.0,20,KO-1C,3.5,,,2.0,,,,,,,,
289.0,3-3,1.0,ﾎﾙﾀﾞ旋削加工室,,7,L33-1B,,あり,319,100,1.0,20,なし,3.5,,,2.0,,,,,,,,
290.0,3-3,1.0,ﾎﾙﾀﾞ旋削加工室,,7,L33-1B,,あり,321,100,1.0,20,KO-1A,3.5,,,2.0,,,,,,,,
291.0,3-3,1.0,ﾎﾙﾀﾞ旋削加工室,,7,L33-1B,,あり,323,100,1.0,20,KO-1D,3.5,,,2.0,,,,,,,,
292.0,3-3,1.0,ﾎﾙﾀﾞ旋削加工室,,7,L33-1B,,あり,325,100,1.0,20,KO-1D,3.5,,,2.0,,,,,,,,
293.0,3-3,1.0,ﾎﾙﾀﾞ旋削加工室,,7,L33-1B,,あり,,100,1.0,20,ﾌﾛｱｰ,3.5,,,2.0,,,,,,,,
294.0,3-3,1.0,ﾎﾙﾀﾞ旋削加工室,,7,L33-1B,,あり,,100,1.0,20,ﾌｧﾝｺｲﾙ,3.5,,,2.0,,,,,,,,
295.0,3-3,1.0,ﾎﾙﾀﾞ旋削加工室,,7,L33-1B,,あり,302,100,1.0,20,ｽﾌﾟﾚｰﾄﾞﾗｲﾔｰ室壁ﾌﾞﾗｹｯﾄ照明,3.5,,,2.0,,,,,,,,
296.0,3-3,1.0,ﾎﾙﾀﾞ旋削加工室,,7,L33-1B,,あり,304,100,1.0,20,KO-1J,3.5,,,2.0,,,,,,,,
297.0,3-3,1.0,ﾎﾙﾀﾞ旋削加工室,,7,L33-1B,,あり,306,100,1.0,20,廊下,3.5,,,2.0,,,,,,,,
298.0,3-3,1.0,ﾎﾙﾀﾞ旋削加工室,,7,L33-1B,,あり,308,100,1.0,20,KO-1J,3.5,,,2.0,,,,,,,,
299.0,3-3,1.0,ﾎﾙﾀﾞ旋削加工室,,7,L33-1B,,あり,310,100,1.0,20,KO-1K,3.5,,,2.0,,,,,,,,
300.0,3-3,1.0,ﾎﾙﾀﾞ旋削加工室,,7,L33-1B,,あり,312,100,1.0,20,KO-1L,3.5,,,2.0,,,,,,,,
301.0,3-3,1.0,ﾎﾙﾀﾞ旋削加工室,,7,L33-1B,,あり,314,100,1.0,20,KO-1L,3.5,,,2.0,,,,,,,,
302.0,3-3,1.0,ﾎﾙﾀﾞ旋削加工室,,7,L33-1B,,あり,316,100,1.0,20,ﾄｲﾚ(PHS電源),3.5,,,2.0,,,,,,,,
303.0,3-3,1.0,ﾎﾙﾀﾞ旋削加工室,,7,L33-1B,,あり,318,100,1.0,20,KO-1B,3.5,,,2.0,,,,,,,,
304.0,3-3,1.0,ﾎﾙﾀﾞ旋削加工室,,7,L33-1B,,あり,320,100,1.0,20,KO-1A(原料倉庫ｺﾝｾﾝﾄ),3.5,,,2.0,,,,,,,,
305.0,3-3,1.0,ﾎﾙﾀﾞ旋削加工室,,7,L33-1B,,あり,322,100,1.0,20,KO-1D,3.5,,,2.0,,,,,,,,
306.0,3-3,1.0,ﾎﾙﾀﾞ旋削加工室,,7,L33-1B,,あり,324,100,1.0,20,KO-1D,3.5,,,2.0,,,,,,,,
307.0,3-3,1.0,ﾎﾙﾀﾞ旋削加工室,,7,L33-1B,,あり,,100,1.0,20,KO-1J,3.5,,,2.0,,,,,,,,
308.0,3-3,1.0,ﾎﾙﾀﾞ旋削加工室,,7,L33-1B,,あり,,100,1.0,20,ﾘﾓｺﾝSW,4,,,2.0,,,,,,,,
309.0,3-3,1.0,ﾎﾙﾀﾞ旋削加工室,,7,L33-1B,,あり,1,100,1.0,20,非常灯,4,,,2.0,,,,,,,,
310.0,3-3,1.0,ﾎﾙﾀﾞ旋削加工室,,7,L33-1B,,あり,,100,1.0,20,なし,なし,OFF,,2.0,,,,,,,,
311.0,3-3,1.0,ﾎﾙﾀﾞ旋削加工室,,7,L33-1B,,あり,,100,1.0,20,なし,なし,OFF,,2.0,,,,,,,,
312.0,3-3,1.0,ﾎﾙﾀﾞ旋削加工室,,7,L33-1B,,あり,,100,1.0,20,非常灯,4,,,2.0,,,,,,,,
313.0,3-3,1.0,ﾎﾙﾀﾞ旋削加工室,,7,L33-1B,,あり,4,100,1.0,20,非常灯,4,,,2.0,,,,,,,,
314.0,3-3,1.0,ﾎﾙﾀﾞ旋削加工室,,7,L33-1B,,あり,,100,1.0,20,なし,なし,OFF,,2.0,,,,,,,,
,3-3,2.0,廊下,,,L33-2A(右),,,100/200,1,150.0,600,主幹？,13.5,,1.0,3.0,KM-NCT-600A,5200.0,,,,,,
419.0,3-3,2.0,廊下,共通,22,L33-2A(右),,なし,,100,1.0,20,非常灯,3,,,2.0,,,,,,,,
420.0,3-3,2.0,廊下,CBN,22,L33-2A(右),,なし,,100,1.0,20,なし,なし,,,2.0,,,,,,,,
421.0,3-3,2.0,廊下,共通,22,L33-2A(右),,なし,301,100,1.0,20,休憩室,3,,,2.0,,,,,,,,
422.0,3-3,2.0,廊下,共通,22,L33-2A(右),,なし,303,100,1.0,20,自販機,3,,,2.0,,,,,,,,
423.0,3-3,2.0,廊下,共通,22,L33-2A(右),,なし,,100,1.0,20,換気扇,3,,,2.0,,,,,,,,
424.0,3-3,2.0,廊下,CBN,22,L33-2A(右),,なし,,100,1.0,20,307,3,,,2.0,,,,,,,,
425.0,3-3,2.0,廊下,CBN,22,L33-2A(右),,なし,,100,1.0,20,350,3,,,2.0,,,,,,,,
426.0,3-3,2.0,廊下,CBN,22,L33-2A(右),,なし,,100,1.0,20,351,3,,,2.0,,,,,,,,
427.0,3-3,2.0,廊下,CBN,22,L33-2A(右),,なし,,100,1.0,20,ﾎﾙﾀﾞ受入れ室ﾌｧﾝｺｲﾙ電源,3,,,2.0,,,,,,,,
428.0,3-3,2.0,廊下,CBN,22,L33-2A(右),,なし,,100,1.0,20,LAN構築用100Vｺﾝｾﾝﾄ,3,,,2.0,,,,,,,,
429.0,3-3,2.0,廊下,CBN,22,L33-2A(右),,なし,,100,1.0,20,自販機ｺﾝｾﾝﾄ1,3,,,2.0,,,,,,,,
430.0,3-3,2.0,廊下,CBN,22,L33-2A(右),,なし,302,100,1.0,20,廊下,3,,,2.0,,,,,,,,
431.0,3-3,2.0,廊下,CBN,22,L33-2A(右),,なし,,100,1.0,20,端子盤電源,3,,,2.0,,,,,,,,
432.0,3-3,2.0,廊下,CBN,22,L33-2A(右),,なし,,100,1.0,20,更衣室ｺﾝｾﾝﾄ306,3,,,2.0,,,,,,,,
433.0,3-3,2.0,廊下,CBN,22,L33-2A(右),,なし,,100,1.0,20,会議室ｺﾝｾﾝﾄ308,3,,,2.0,,,,,,,,
434.0,3-3,2.0,廊下,CBN,22,L33-2A(右),,なし,,100,1.0,20,会議室ﾛｽﾅｲ310,3,,,2.0,,,,,,,,
435.0,3-3,2.0,廊下,CBN,22,L33-2A(右),,なし,,100,1.0,20,少量危険物貯蔵取扱所防火折れ戸制御352,3,,,2.0,,,,,,,,
436.0,3-3,2.0,廊下,CBN,22,L33-2A(右),,なし,,100,1.0,20,ﾘﾓｺﾝSW,3,,,2.0,,,,,,,,
437.0,3-3,2.0,廊下,CBN,22,L33-2A(右),,なし,,100,1.0,20,喫煙室FCU,3,,,2.0,,,,,,,,
438.0,3-3,2.0,廊下,CBN,22,L33-2A(右),,なし,,100,1.0,20,自販機ｺﾝｾﾝﾄ2,3,,,2.0,,,,,,,,
400.0,3-3,2.0,廊下,CBN,22,L33-2A(左),,なし,,100/200,1.0,150,主幹,13.5,単相3線式,1.0,2.0,KM-NCT-225A,3900.0,1.0,3900.0,,,,
401.0,3-3,2.0,廊下,CBN,22,L33-2A(左),,なし,,100,1.0,20,誘導灯,3.5,,,2.0,,,,,,,,
402.0,3-3,2.0,廊下,CBN,22,L33-2A(左),,なし,,100,1.0,20,なし,なし,,,2.0,,,,,,,,
403.0,3-3,2.0,廊下,CBN,22,L33-2A(左),,なし,,200,1.0,20,休憩室 廊下照明,3,,,2.0,,,,,,,,
404.0,3-3,2.0,廊下,CBN,22,L33-2A(左),,なし,,200,1.0,20,なし,"3,5",,,2.0,,,,,,,,
405.0,3-3,2.0,廊下,CBN,22,L33-2A(左),,なし,,200,1.0,20,なし,"3,5",,,2.0,,,,,,,,
406.0,3-3,2.0,廊下,CBN,22,L33-2A(左),,なし,,200,1.0,20,なし,"3,5",,,2.0,,,,,,,,
407.0,3-3,2.0,廊下,CBN,22,L33-2A(左),,なし,,200,1.0,20,なし,"3,5",,,2.0,,,,,,,,
408.0,3-3,2.0,廊下,CBN,22,L33-2A(左),,なし,,200,1.0,20,なし,"3,5",,,2.0,,,,,,,,
409.0,3-3,2.0,廊下,CBN,22,L33-2A(左),,なし,,200,1.0,20,なし,なし,,,2.0,,,,,,,,
410.0,3-3,2.0,廊下,CBN,22,L33-2A(左),,なし,,200,1.0,20,なし,なし,,,2.0,,,,,,,,
411.0,3-3,2.0,廊下,CBN,22,L33-2A(左),,なし,,200,1.0,20,2-X4 作業室照明,3,,,2.0,,,,,,,,
412.0,3-3,2.0,廊下,CBN,22,L33-2A(左),,なし,,200,1.0,20,なし,"3,5",,,2.0,,,,,,,,
413.0,3-3,2.0,廊下,CBN,22,L33-2A(左),,なし,,200,1.0,20,なし,"3,5",,,2.0,,,,,,,,
414.0,3-3,2.0,廊下,CBN,22,L33-2A(左),,なし,,200,1.0,20,なし,"3,5",,,2.0,,,,,,,,
415.0,3-3,2.0,廊下,CBN,22,L33-2A(左),,なし,,200,1.0,20,なし,"3,5",,,2.0,,,,,,,,
416.0,3-3,2.0,廊下,CBN,22,L33-2A(左),,なし,,200,1.0,20,なし,なし,,,2.0,,,,,,,,
417.0,3-3,2.0,廊下,CBN,22,L33-2A(左),,なし,,200,1.0,20,更衣室･会議室電灯,3,,,2.0,,,,,,,,
418.0,3-3,2.0,廊下,CBN,22,L33-2A(左),,なし,,200,1.0,20,なし,なし,,,2.0,,,,,,,,
445.0,3-3,2.0,自販機室,CBN,27,L33-2E,,あり,,100/200,1.0,250,主幹,28,単相3線式,1.0,2.0,KM-NCT-400A,5200.0,1.0,5200.0,,,,
446.0,3-3,2.0,自販機室,CBN,27,L33-2E,,なし,,100,1.0,20,非常灯1,4,,,2.0,,,,,,,,
447.0,3-3,2.0,自販機室,CBN,27,L33-2E,,なし,,100,1.0,20,非常灯2,4,,,2.0,,,,,,,,
448.0,3-3,2.0,自販機室,CBN,27,L33-2E,,なし,,200,1.0,20,検査､OA､加工室電灯,3,,,2.0,,,,,,,,
449.0,3-3,2.0,自販機室,CBN,27,L33-2E,,なし,,200,1.0,20,未仕上げ電灯(1),3,,,2.0,,,,,,,,
450.0,3-3,2.0,自販機室,CBN,27,L33-2E,,なし,,200,1.0,20,未仕上げ電灯(2),3,,,2.0,,,,,,,,
451.0,3-3,2.0,自販機室,CBN,27,L33-2E,,なし,,200,1.0,20,未仕上げ電灯(3),3,,,2.0,,,,,,,,
452.0,3-3,2.0,自販機室,CBN,27,L33-2E,,なし,,200,1.0,20,廊下電灯,3,,,2.0,,,,,,,,
453.0,3-3,2.0,自販機室,CBN,27,L33-2E,,なし,,200,1.0,20,2F加工室･処理室系統 空調室内機電源西側,3,,,2.0,,,,,,,,
454.0,3-3,2.0,自販機室,CBN,27,L33-2E,,なし,,200,1.0,20,2F加工室･処理室系統 洗浄室 室内機電源,3,,,2.0,,,,,,,,
455.0,3-3,2.0,自販機室,CBN,27,L33-2E,,なし,,100,1.0,20,OF-1,3,,,2.0,,,,,,,,
456.0,3-3,2.0,自販機室,CBN,27,L33-2E,,なし,,100,1.0,20,OF-2,3,,,2.0,,,,,,,,
457.0,3-3,2.0,自販機室,CBN,27,L33-2E,,なし,,100,1.0,20,ｺﾝｾﾝﾄ320,3,,,2.0,,,,,,,,
458.0,3-3,2.0,自販機室,CBN,27,L33-2E,,なし,,100,1.0,20,(MCB19)不明,3,,,2.0,,,,,,,,
459.0,3-3,2.0,自販機室,CBN,27,L33-2E,,なし,,100,1.0,20,ｺﾝｾﾝﾄ313,3,,,2.0,,,,,,,,
460.0,3-3,2.0,自販機室,CBN,27,L33-2E,,なし,,100,1.0,20,"ｺﾝｾﾝﾄ311,312",3,,,2.0,,,,,,,,
461.0,3-3,2.0,自販機室,CBN,27,L33-2E,,なし,,100,1.0,20,ｺﾝｾﾝﾄ314,3,,,2.0,,,,,,,,
462.0,3-3,2.0,自販機室,CBN,27,L33-2E,,なし,,100,1.0,20,"ｺﾝｾﾝﾄ315,316",3,,,2.0,,,,,,,,
463.0,3-3,2.0,自販機室,CBN,27,L33-2E,,なし,,100,1.0,20,"ｺﾝｾﾝﾄ317,318",3,,,2.0,,,,,,,,
464.0,3-3,2.0,自販機室,CBN,27,L33-2E,,なし,,100,1.0,20,ｺﾝｾﾝﾄ319,3,,,2.0,,,,,,,,
465.0,3-3,2.0,自販機室,CBN,27,L33-2E,,なし,,200,1.0,20,"DIA,CBN室電灯(1)",3,,,2.0,,,,,,,,
466.0,3-3,2.0,自販機室,CBN,27,L33-2E,,なし,,200,1.0,20,"DIA,CBN室電灯(2)",3,,,2.0,,,,,,,,
467.0,3-3,2.0,自販機室,CBN,27,L33-2E,,なし,,200,1.0,20,"DIA,CBN室電灯(3)",3,,,2.0,,,,,,,,
468.0,3-3,2.0,自販機室,CBN,27,L33-2E,,なし,,200,1.0,20,PVD機械室電灯,3,,,2.0,,,,,,,,
469.0,3-3,2.0,自販機室,CBN,27,L33-2E,,なし,,200,1.0,20,未仕上げ室(東)電灯,3,,,2.0,,,,,,,,
470.0,3-3,2.0,自販機室,CBN,27,L33-2E,,なし,,200,1.0,20,2F加工室･処理室系統 空調室内電源 東側,3,,,2.0,,,,,,,,
471.0,3-3,2.0,自販機室,CBN,27,L33-2E,,なし,,200,1.0,20,PAC(4)ﾋｰﾄﾎﾟﾝﾌﾟ,3,,,2.0,,,,,,,,
472.0,3-3,2.0,自販機室,CBN,27,L33-2E,,なし,,100,1.0,20,OF-3,3,,,2.0,,,,,,,,
473.0,3-3,2.0,自販機室,CBN,27,L33-2E,,なし,,100,1.0,20,ﾛｽﾅｲ,3,,,2.0,,,,,,,,
474.0,3-3,2.0,自販機室,CBN,27,L33-2E,,なし,,100,1.0,20,(MCB20)不明,3,,,2.0,,,,,,,,
475.0,3-3,2.0,自販機室,CBN,27,L33-2E,,なし,,100,1.0,20,加工室ｺﾝｾﾝﾄ,3,,,2.0,,,,,,,,
476.0,3-3,2.0,自販機室,CBN,27,L33-2E,,なし,,100,1.0,20,"ｺﾝｾﾝﾄ301,302",3,,,2.0,,,,,,,,
477.0,3-3,2.0,自販機室,CBN,27,L33-2E,,なし,,100,1.0,20,"ｺﾝｾﾝﾄ303,304",3,,,2.0,,,,,,,,
478.0,3-3,2.0,自販機室,CBN,27,L33-2E,,なし,,100,1.0,20,"ｺﾝｾﾝﾄ305,306",3,,,2.0,,,,,,,,
479.0,3-3,2.0,自販機室,CBN,27,L33-2E,,なし,,100,1.0,20,"ｺﾝｾﾝﾄ307,308",3,,,2.0,,,,,,,,
480.0,3-3,2.0,自販機室,CBN,27,L33-2E,,なし,,100,1.0,20,"ｺﾝｾﾝﾄ309,310",3,,,2.0,,,,,,,,
648.0,3-3,3.0,ﾎﾙﾀﾞﾊﾟｰﾂ室,,35,L33-3(検査),,あり,,100/200,1.0,100,主幹,11.5,単相3線式,1.0,2.0,KM-NCT-100A,3220.0,1.0,3220.0,,,,
649.0,3-3,3.0,ﾎﾙﾀﾞﾊﾟｰﾂ室,,35,L33-3(検査),,あり,,100,1.0,20,ｺﾝｾﾝﾄ,5,,,2.0,,,,,,,,
650.0,3-3,3.0,ﾎﾙﾀﾞﾊﾟｰﾂ室,,35,L33-3(検査),,あり,,100,1.0,20,ｺﾝｾﾝﾄ,5,,,2.0,,,,,,,,
651.0,3-3,3.0,ﾎﾙﾀﾞﾊﾟｰﾂ室,,35,L33-3(検査),,あり,,100,1.0,20,ｺﾝｾﾝﾄ,5,,,2.0,,,,,,,,
652.0,3-3,3.0,ﾎﾙﾀﾞﾊﾟｰﾂ室,,35,L33-3(検査),,あり,,100,1.0,20,ｺﾝｾﾝﾄ(ﾚｰｻﾞｰﾒｲｸ),5,,,2.0,,,,,,,,
653.0,3-3,3.0,ﾎﾙﾀﾞﾊﾟｰﾂ室,,35,L33-3(検査),,あり,,100,1.0,20,ｺﾝｾﾝﾄ(作業台･実態顕微鏡),5,,,2.0,,,,,,,,
654.0,3-3,3.0,ﾎﾙﾀﾞﾊﾟｰﾂ室,,35,L33-3(検査),,あり,,100,1.0,20,ｺﾝｾﾝﾄ,5,,,2.0,,,,,,,,
655.0,3-3,3.0,ﾎﾙﾀﾞﾊﾟｰﾂ室,,35,L33-3(検査),,あり,,100,1.0,20,ｺﾝｾﾝﾄ,5,,,2.0,,,,,,,,
656.0,3-3,3.0,ﾎﾙﾀﾞﾊﾟｰﾂ室,,35,L33-3(検査),,あり,,100,1.0,20,ｺﾝｾﾝﾄ(ﾛﾃﾞｨｶJr),5,,,2.0,,,,,,,,
657.0,3-3,3.0,ﾎﾙﾀﾞﾊﾟｰﾂ室,,35,L33-3(検査),,あり,,100,1.0,20,ｺﾝｾﾝﾄ(排水ﾎﾟﾝﾌﾟx2),5,,,2.0,,,,,,,,
658.0,3-3,3.0,ﾎﾙﾀﾞﾊﾟｰﾂ室,,35,L33-3(検査),,あり,,100,1.0,20,排気ﾌｧﾝ(常時OFF),5,OFF,,2.0,,,,,,,,
659.0,3-3,3.0,ﾎﾙﾀﾞﾊﾟｰﾂ室,,35,L33-3(検査),,あり,,100,1.0,20,なし,なし,OFF,,2.0,,,,,,,,
660.0,3-3,3.0,ﾎﾙﾀﾞﾊﾟｰﾂ室,,35,L33-3(検査),,あり,,200,1.0,20,自動制御盤,5,,,2.0,,,,,,,,
661.0,3-3,3.0,ﾎﾙﾀﾞﾊﾟｰﾂ室,,35,L33-3(検査),,あり,,100,1.0,20,ﾌｧﾝｺｲﾙ,5,,,2.0,,,,,,,,
662.0,3-3,3.0,ﾎﾙﾀﾞﾊﾟｰﾂ室,,35,L33-3(検査),,あり,,100,1.0,20,ｺﾝｾﾝﾄ,5,,,2.0,,,,,,,,
663.0,3-3,3.0,ﾎﾙﾀﾞﾊﾟｰﾂ室,,35,L33-3(検査),,あり,,100,1.0,20,受入室天井ｺﾝｾﾝﾄ,5,,,2.0,,,,,,,,
664.0,3-3,3.0,ﾎﾙﾀﾞﾊﾟｰﾂ室,,35,L33-3(検査),,あり,,100,1.0,20,ｺﾝｾﾝﾄ(工具顕微鏡),5,,,2.0,,,,,,,,
665.0,3-3,3.0,ﾎﾙﾀﾞﾊﾟｰﾂ室,,35,L33-3(検査),,あり,,100,1.0,20,ｺﾝｾﾝﾄ(作業台･実態顕微鏡),5,,,2.0,,,,,,,,
666.0,3-3,3.0,ﾎﾙﾀﾞﾊﾟｰﾂ室,,35,L33-3(検査),,あり,,100,1.0,20,ｺﾝｾﾝﾄ,5,,,2.0,,,,,,,,
667.0,3-3,3.0,ﾎﾙﾀﾞﾊﾟｰﾂ室,,35,L33-3(検査),,あり,,100,1.0,20,ｿﾘｯﾄﾞ工具検査室A/C,5,,,2.0,,,,,,,,
668.0,3-3,3.0,ﾎﾙﾀﾞﾊﾟｰﾂ室,,35,L33-3(検査),,あり,,100,1.0,20,検査室りｰらｰｺﾝｾﾝﾄ,5,,,2.0,,,,,,,,
669.0,3-3,3.0,ﾎﾙﾀﾞﾊﾟｰﾂ室,,35,L33-3(検査),,あり,,100,1.0,20,ｺﾝｾﾝﾄ,5,,,2.0,,,,,,,,
670.0,3-3,3.0,ﾎﾙﾀﾞﾊﾟｰﾂ室,,35,L33-3(検査),,あり,,100,1.0,20,検査室ｺﾝｾﾝﾄA,5,,,2.0,,,,,,,,
671.0,3-3,3.0,ﾎﾙﾀﾞﾊﾟｰﾂ室,,35,L33-3(検査),,あり,,100,1.0,20,検査室ｺﾝｾﾝﾄB,5,,,2.0,,,,,,,,
672.0,3-3,3.0,ﾎﾙﾀﾞﾊﾟｰﾂ室,,35,L33-3(検査),,あり,,200,1.0,20,なし,なし,OFF,,2.0,,,,,,,,
606.0,3-3,3.0,廊下,,23,L33-3A,,あり,,100/200,1.0,100,主幹,12.5,単相3線式,1.0,2.0,KM-NCT-100A,3220.0,1.0,3220.0,,,,
607.0,3-3,3.0,廊下,,23,L33-3A,,あり,,100,1.0,20,誘導灯,5,,,2.0,,,,,,,,
608.0,3-3,3.0,廊下,,23,L33-3A,,あり,,100,1.0,20,赤色灯,5,,,2.0,,,,,,,,
609.0,3-3,3.0,廊下,,23,L33-3A,,あり,201,100,1.0,20,休憩室･廊下･予備室電灯,3.5,,,2.0,,,,,,,,
610.0,3-3,3.0,廊下,,23,L33-3A,,あり,202,100,1.0,20,作業室電灯,3.5,,,2.0,,,,,,,,
611.0,3-3,3.0,廊下,,23,L33-3A,,あり,,100,1.0,20,なし,5,,,2.0,,,,,,,,
612.0,3-3,3.0,廊下,,23,L33-3A,,あり,,100,1.0,20,なし,5,,,2.0,,,,,,,,
613.0,3-3,3.0,廊下,,23,L33-3A,,あり,,100,1.0,20,検査事務室電灯,3.5,,,2.0,,,,,,,,
614.0,3-3,3.0,廊下,,23,L33-3A,,あり,,100,1.0,20,NT室電灯,3.5,,,2.0,,,,,,,,
615.0,3-3,3.0,廊下,,23,L33-3A,,あり,,100,1.0,20,NT室電灯,3.8,,,2.0,,,,,,,,
616.0,3-3,3.0,廊下,,23,L33-3A,,あり,,100,1.0,20,ｻｲｹﾝﾏ室電灯,3.8,,,2.0,,,,,,,,
617.0,3-3,3.0,廊下,,23,L33-3A,,あり,,100,1.0,20,なし,3.8,,,2.0,,,,,,,,
618.0,3-3,3.0,廊下,,23,L33-3A,,あり,,100,1.0,20,なし,3.8,,,2.0,,,,,,,,
619.0,3-3,3.0,廊下,,23,L33-3A,,あり,,100,1.0,20,なし,3.8,,,2.0,,,,,,,,
620.0,3-3,3.0,廊下,,23,L33-3A,,あり,,100,1.0,20,なし,3.8,,,2.0,,,,,,,,
621.0,3-3,3.0,廊下,,23,L33-3A,,あり,,100,1.0,20,なし,3.8,,,2.0,,,,,,,,
622.0,3-3,3.0,廊下,,23,L33-3A,,あり,,100,1.0,20,なし,3.8,,,2.0,,,,,,,,
623.0,3-3,3.0,廊下,,23,L33-3A,,あり,,100,1.0,20,QA事務所室内機電源,3.5,,,2.0,,,,,,,,
624.0,3-3,3.0,廊下,,23,L33-3A,,あり,,100,1.0,20,なし,なし,OFF,,2.0,,,,,,,,
625.0,3-3,3.0,廊下,,23,L33-3A,,あり,,100,1.0,20,非常灯,5,,,2.0,,,,,,,,
626.0,3-3,3.0,廊下,,23,L33-3A,,あり,,100,1.0,20,NT室非常灯,5,,,2.0,,,,,,,,
627.0,3-3,3.0,廊下,,23,L33-3A,,あり,301,100,1.0,20,休憩室･予備室ｺﾝｾﾝﾄ,3.5,,,2.0,,,,,,,,
628.0,3-3,3.0,廊下,,23,L33-3A,,あり,302,100,1.0,20,廊下ｺﾝｾﾝﾄ,3.5,,,2.0,,,,,,,,
629.0,3-3,3.0,廊下,,23,L33-3A,,あり,,100,1.0,20,端子盤ｺﾝｾﾝﾄ,3.5,,,2.0,,,,,,,,
630.0,3-3,3.0,廊下,,23,L33-3A,,あり,,100,1.0,20,ﾌｧﾝｺｲﾙ,3.5,,,2.0,,,,,,,,
631.0,3-3,3.0,廊下,,23,L33-3A,,あり,,100,1.0,20,FCｼｽﾃﾑ推進課ｺﾝｾﾝﾄ1,3.5,,,2.0,,,,,,,,
632.0,3-3,3.0,廊下,,23,L33-3A,,あり,,100,1.0,20,LANBOX内ｺﾝｾﾝﾄ,3.5,,,2.0,,,,,,,,
633.0,3-3,3.0,廊下,,23,L33-3A,,あり,,100,1.0,20,FCｼｽﾃﾑ推進課ｺﾝｾﾝﾄ2･3,3.5,,,2.0,,,,,,,,
634.0,3-3,3.0,廊下,,23,L33-3A,,あり,,100,1.0,20,FCｼｽﾃﾑ柱ｺﾝｾﾝﾄ,3.5,,,2.0,,,,,,,,
635.0,3-3,3.0,廊下,,23,L33-3A,,あり,,100,1.0,20,事務所ｺﾝｾﾝﾄ1,3.5,,,2.0,,,,,,,,
636.0,3-3,3.0,廊下,,23,L33-3A,,あり,,100,1.0,20,LAN電源,3.5,,,2.0,,,,,,,,
637.0,3-3,3.0,廊下,,23,L33-3A,,あり,,100,1.0,20,FCｼｽﾃﾑ推進課ｺﾝｾﾝﾄ4,3.5,,,2.0,,,,,,,,
638.0,3-3,3.0,廊下,,23,L33-3A,,あり,,100,1.0,20,再研磨中央柱ｺﾝｾﾝﾄ,3.5,,,2.0,,,,,,,,
639.0,3-3,3.0,廊下,,23,L33-3A,,あり,,100,1.0,20,FC技術開発部ﾌｧﾝｺｲﾙ･ﾄﾞﾚﾝﾎﾟﾝﾌﾟ･換気扇電源,3.5,,,2.0,,,,,,,,
640.0,3-3,3.0,廊下,,23,L33-3A,,あり,,100,1.0,20,系統調査中,3.5,,,2.0,,,,,,,,
641.0,3-3,3.0,廊下,,23,L33-3A,,あり,,100,1.0,20,系統調査中,3.5,,,2.0,,,,,,,,
642.0,3-3,3.0,廊下,,23,L33-3A,,あり,,100,1.0,20,ﾊﾟｰﾂ室ｺﾝｾﾝﾄ,3.5,,,2.0,,,,,,,,
643.0,3-3,3.0,廊下,,23,L33-3A,,あり,,100,1.0,20,ﾊﾟｰﾂ室ｺﾝｾﾝﾄ2,3.5,,,2.0,,,,,,,,
644.0,3-3,3.0,廊下,,23,L33-3A,,あり,,100,1.0,20,ﾊﾟｰﾂ室ｺﾝｾﾝﾄ3,3.5,,,2.0,,,,,,,,
56.0,3-3,1.0,玄関,共通,24,M33-1A,,あり,M　MCCB,200,3.0,175,主幹,13.5,,1.0,3.0,KM-NCT-225A,3900.0,2.0,7800.0,,,,
57.0,3-3,1.0,玄関,共通,24,M33-1A,,あり,14　ELCB,200,3.0,15,排水ﾎﾟﾝﾌﾟ(洗浄室),3.5,,,3.0,,,,,,,,
58.0,3-3,1.0,玄関,共通,24,M33-1A,,あり,15　ELCB,200,3.0,15,排水ﾎﾟﾝﾌﾟ(ﾁｯﾌﾟ加工室),3.5,,,3.0,,,,,,,,
59.0,3-3,1.0,玄関,共通,24,M33-1A,,あり,16　ELCB,200,3.0,15,排水ﾎﾟﾝﾌﾟ(ﾎﾙﾀﾞｰ加工室),3.5,,,3.0,,,,,,,,
60.0,3-3,1.0,玄関,共通,24,M33-1A,,あり,17　ELCB,200,3.0,15,排水ﾎﾟﾝﾌﾟ(ﾎﾙﾀﾞｰ加工室)No.1,3.5,,,3.0,,,,,,,,
61.0,3-3,1.0,玄関,共通,24,M33-1A,,あり,1　MCCB,200,1.0,15,操作電源･警報電源,2.8,,,2.0,,,,,,,,
62.0,3-3,1.0,玄関,共通,24,M33-1A,,あり,,200,3.0,15,NTX#1ﾋﾟｯﾄ南側,3.5,,,3.0,,,,,,,,
63.0,3-3,1.0,玄関,共通,24,M33-1A,,あり,,200,3.0,50,検診用200Vｺﾝｾﾝﾄ盤,5,,,3.0,,,,,,,,
64.0,3-3,1.0,玄関,共通,24,M33-1A,,あり,6　MCCB,200,3.0,30,ﾌｧﾝｺｲﾙﾕﾆｯﾄ(ﾁｯﾌﾟ加工室),6,,,3.0,,,,,,,,
65.0,3-3,1.0,玄関,共通,24,M33-1A,,あり,9　MCCB,200,3.0,30,ﾌｧﾝｺｲﾙﾕﾆｯﾄ(ﾎﾙﾀﾞ加工室)No.1,6,,,3.0,,,,,,,,
66.0,3-3,1.0,玄関,共通,24,M33-1A,,あり,10　MCCB,200,3.0,30,ﾌｧﾝｺｲﾙﾕﾆｯﾄ(ﾎﾙﾀﾞ加工室)No.2,6,,,3.0,,,,,,,,
67.0,3-3,1.0,玄関,共通,24,M33-1A,,あり,11　MCCB,200,3.0,30,ﾌｧﾝｺｲﾙﾕﾆｯﾄ(ﾎﾙﾀﾞ加工室)No.3,6,,,3.0,,,,,,,,
68.0,3-3,1.0,玄関,共通,24,M33-1A,,あり,12　MCCB,200,3.0,30,ﾌｧﾝｺｲﾙﾕﾆｯﾄ(ﾎﾙﾀﾞ加工室)No.4,6,,,3.0,,,,,,,,
69.0,3-3,1.0,玄関,共通,24,M33-1A,,あり,4　MCCB,200,3.0,15,給気ﾌｧﾝ(配電盤機械室),3.5,,,3.0,,,,,,,,
70.0,3-3,1.0,玄関,共通,24,M33-1A,,あり,5　MCCB,200,3.0,15,排気ﾌｧﾝ(配電盤機械室),3.5,,,3.0,,,,,,,,
71.0,3-3,1.0,玄関,共通,24,M33-1A,,あり,7　MCCB,200,3.0,30,AHU-1-2,3.5,,,3.0,,,,,,,,
72.0,3-3,1.0,玄関,共通,24,M33-1A,,あり,8　MCCB,200,3.0,20,AHU-1-3,3.5,,,3.0,,,,,,,,
73.0,3-3,1.0,玄関,共通,24,M33-1A,,あり,13　MCCB,200,3.0,15,EF-20,3.5,,,3.0,,,,,,,,
74.0,3-3,1.0,玄関,共通,24,M33-1A,,あり,19　MCCB,200,3.0,20,電動ｼｬｯﾀｰ,3.8,,,3.0,,,,,,,,
75.0,3-3,1.0,玄関,共通,24,M33-1A,,あり,20　MCCB,200,1.0,20,CP電源,3.8,,,2.0,,,,,,,,
76.0,3-3,1.0,玄関,共通,24,M33-1A,,あり,,200,3.0,30,ｼｰﾄｼｬｯﾀｰ,5,,,3.0,,,,,,,,
227.0,3-3,1.0,ﾎﾙﾀﾞ旋削加工室,ﾎﾙﾀﾞ,21,M33-1B,,あり,MCCB0,200,3.0,225,主幹,17,,1.0,3.0,KM-NCT-225A,3900.0,2.0,7800.0,,,,
228.0,3-3,1.0,ﾎﾙﾀﾞ旋削加工室,ﾎﾙﾀﾞ,21,M33-1B,,あり,MCBC1,200,1.0,15,操作電源･警報電源,3,,,2.0,,,,,,,,
229.0,3-3,1.0,ﾎﾙﾀﾞ旋削加工室,ﾎﾙﾀﾞ,21,M33-1B,,あり,MCCB17,200,1.0,20,CP電源,3.5,,,2.0,,,,,,,,
230.0,3-3,1.0,ﾎﾙﾀﾞ旋削加工室,ﾎﾙﾀﾞ,21,M33-1B,,あり,,200,3.0,20,なし,5,,,3.0,,,,,,,,
231.0,3-3,1.0,ﾎﾙﾀﾞ旋削加工室,ﾎﾙﾀﾞ,21,M33-1B,,あり,MCCB16,200,3.0,125,原料側集塵機(原料側 調合室),11,,,3.0,,,,,,,,
232.0,3-3,1.0,ﾎﾙﾀﾞ旋削加工室,ﾎﾙﾀﾞ,21,M33-1B,,あり,MCCB4,200,3.0,40,空調機AHU-2,4,,,3.0,,,,,,,,
233.0,3-3,1.0,ﾎﾙﾀﾞ旋削加工室,ﾎﾙﾀﾞ,21,M33-1B,,あり,MCCB5,200,3.0,20,ﾌｧﾝｺｲﾙﾕﾆｯﾄFCU-W1,4,,,3.0,,,,,,,,
234.0,3-3,1.0,ﾎﾙﾀﾞ旋削加工室,ﾎﾙﾀﾞ,21,M33-1B,,あり,MCCB6,200,3.0,30,ﾌｧﾝｺｲﾙﾕﾆｯﾄFCU-W2,5,,,3.0,,,,,,,,
235.0,3-3,1.0,ﾎﾙﾀﾞ旋削加工室,ﾎﾙﾀﾞ,21,M33-1B,,あり,ELCB9,200,3.0,75,汚水排水ﾎﾟﾝﾌﾟNo.1,5.5,,,3.0,,,,,,,,
236.0,3-3,1.0,ﾎﾙﾀﾞ旋削加工室,ﾎﾙﾀﾞ,21,M33-1B,,あり,ELCB10,200,3.0,75,汚水排水ﾎﾟﾝﾌﾟNo.2,5.5,,,3.0,,,,,,,,
237.0,3-3,1.0,ﾎﾙﾀﾞ旋削加工室,ﾎﾙﾀﾞ,21,M33-1B,,あり,ELCB11,200,3.0,15,排水ﾎﾟﾝﾌﾟ(ﾋﾟｯﾄNo.75),3.2,,,3.0,,,,,,,,
238.0,3-3,1.0,ﾎﾙﾀﾞ旋削加工室,ﾎﾙﾀﾞ,21,M33-1B,,あり,ELCB12,200,3.0,15,排水ﾎﾟﾝﾌﾟ(ﾋﾟｯﾄNo.74),3.2,,,3.0,,,,,,,,
239.0,3-3,1.0,ﾎﾙﾀﾞ旋削加工室,ﾎﾙﾀﾞ,21,M33-1B,,あり,,200,3.0,50,排水ﾎﾟﾝﾌﾟ(ﾋﾟｯﾄNo.70),5,,,3.0,,,,,,,,
240.0,3-3,1.0,ﾎﾙﾀﾞ旋削加工室,ﾎﾙﾀﾞ,21,M33-1B,,あり,ELCB15,200,3.0,15,排水ﾎﾟﾝﾌﾟ(ﾋﾟｯﾄNo.73),3.2,,,3.0,,,,,,,,
241.0,3-3,1.0,ﾎﾙﾀﾞ旋削加工室,ﾎﾙﾀﾞ,21,M33-1B,,あり,,200,3.0,30,ｴｱｼｬﾜｰ電源,5,,,3.0,,,,,,,,
242.0,3-3,1.0,ﾎﾙﾀﾞ旋削加工室,ﾎﾙﾀﾞ,21,M33-1B,,あり,,200,3.0,16,有機系ﾎﾟﾝﾌﾟ(親機),5,,,3.0,,,,,,,,
243.0,3-3,1.0,ﾎﾙﾀﾞ旋削加工室,ﾎﾙﾀﾞ,21,M33-1B,,あり,,200,3.0,16,有機系ﾎﾟﾝﾌﾟ(子機),5,,,3.0,,,,,,,,
244.0,3-3,1.0,ﾎﾙﾀﾞ旋削加工室,ﾎﾙﾀﾞ,21,M33-1B,,あり,,200,1.0,5,有機系ﾎﾟﾝﾌﾟ(制御電源),3,,,2.0,,,,,,,,
245.0,3-3,1.0,ﾎﾙﾀﾞ特注加工室,ﾎﾙﾀﾞ,,M33-1B-1,M33-1B,あり,M　MCCB,200,3.0,125,主幹,13.5,,1.0,3.0,KM-NCT-225A,3900.0,2.0,7800.0,,,,
246.0,3-3,1.0,ﾎﾙﾀﾞ特注加工室,ﾎﾙﾀﾞ,,M33-1B-1,M33-1B,あり,5　MCCB,200,3.0,30,給気ﾌｧﾝ(材料加工室),3,,,3.0,,,,,,,,
247.0,3-3,1.0,ﾎﾙﾀﾞ特注加工室,ﾎﾙﾀﾞ,,M33-1B-1,M33-1B,あり,6　MCCB,200,3.0,15,排気ﾌｧﾝ(旋削加工室),3,,,3.0,,,,,,,,
248.0,3-3,1.0,ﾎﾙﾀﾞ特注加工室,ﾎﾙﾀﾞ,,M33-1B-1,M33-1B,あり,7　MCCB,200,3.0,40,給気ﾌｧﾝ･排気ﾌｧﾝ(特注加工室),3,,,3.0,,,,,,,,
249.0,3-3,1.0,ﾎﾙﾀﾞ特注加工室,ﾎﾙﾀﾞ,,M33-1B-1,M33-1B,あり,1　MCCB,200,1.0,15,操作電源･警報電源,3,,,2.0,,,,,,,,
250.0,3-3,1.0,ﾎﾙﾀﾞ特注加工室,ﾎﾙﾀﾞ,,M33-1B-1,M33-1B,あり,3　MCCB,200,3.0,100,冷却水1次ﾎﾟﾝﾌﾟ(真空炉),なし,OFF,,3.0,,,,,,,,
251.0,3-3,1.0,ﾎﾙﾀﾞ特注加工室,ﾎﾙﾀﾞ,,M33-1B-1,M33-1B,あり,9　MCCB,200,3.0,100,冷却水2次ﾎﾟﾝﾌﾟ(真空炉),9,OFF,,3.0,,,,,,,,
336.0,3-3,1.0,集塵機室,CBN,37,M33-1F,,あり,,200,3.0,125,集塵機,13.2,,,3.0,,,,,,,,
337.0,3-3,1.0,集塵機室,CBN,37,M33-1F,,あり,,200,3.0,15,排気ﾌｧﾝ(洗浄処理室),3.4,,,3.0,,,,,,,,
338.0,3-3,1.0,集塵機室,CBN,37,M33-1F,,あり,,200,1.0,15,操作電源･警報電源,2.8,,,2.0,,,,,,,,
136.0,3-3,1.0,ﾎﾙﾀﾞ加工室,ﾎﾙﾀﾞ,17,M33-1G,,あり,1,200,3.0,300,主幹,17,,1.0,3.0,KM-NCT-400A,5200.0,2.0,10400.0,,,,
137.0,3-3,1.0,ﾎﾙﾀﾞ加工室,ﾎﾙﾀﾞ,17,M33-1G,,あり,,200,3.0,225,なし,なし,OFF,,3.0,,,,,,,,
138.0,3-3,1.0,ﾎﾙﾀﾞ加工室,ﾎﾙﾀﾞ,17,M33-1G,,あり,,200,3.0,100,MGS-8N,12.5,,,3.0,,,,,,,,
139.0,3-3,1.0,ﾎﾙﾀﾞ加工室,ﾎﾙﾀﾞ,17,M33-1G,,あり,,200,3.0,50,なし,なし,OFF,,3.0,,,,,,,,
140.0,3-3,1.0,ﾎﾙﾀﾞ加工室,ﾎﾙﾀﾞ,17,M33-1G,,あり,,200,3.0,30,手動研磨機電源盤,5,OFF,,3.0,,,,,,,,
121.0,3-3,1.0,ﾎﾙﾀﾞ回転加工室,ﾎﾙﾀﾞ,14,M33-1H(右),,あり,2,200,3.0,700,主幹,27,,,3.0,,,,,,,,
122.0,3-3,1.0,ﾎﾙﾀﾞ回転加工室,ﾎﾙﾀﾞ,14,M33-1H(右),,あり,6,200,3.0,175,なし,なし,OFF,,3.0,,,,,,,,
123.0,3-3,1.0,ﾎﾙﾀﾞ回転加工室,ﾎﾙﾀﾞ,14,M33-1H(右),,あり,4,200,3.0,400,なし,なし,OFF,,3.0,,,,,,,,
124.0,3-3,1.0,ﾎﾙﾀﾞ回転加工室,ﾎﾙﾀﾞ,14,M33-1H(右),,あり,5,200,3.0,400,NVX2号機,15,,1.0,3.0,KM-NCT-400A,5200.0,2.0,10400.0,,,,
125.0,3-3,1.0,ﾎﾙﾀﾞ回転加工室,ﾎﾙﾀﾞ,14,M33-1H(右),,あり,,200,3.0,30,ｸﾚｰﾝ電源,5,,1.0,3.0,M-NCT-5A/50A,2880.0,2.0,5760.0,,,,
102.0,3-3,1.0,ﾎﾙﾀﾞ回転加工室,ﾎﾙﾀﾞ,18,M33-1H(左),,あり,1,200,3.0,800,主幹,23,,,3.0,,,,,,,,
103.0,3-3,1.0,ﾎﾙﾀﾞ回転加工室,ﾎﾙﾀﾞ,18,M33-1H(左),,あり,3,200,3.0,400,動力盤B(ﾎﾙﾀﾞ加工室2へ)NV#1.2,22,,1.0,3.0,KM-NCT-400A,5200.0,2.0,10400.0,,,,
104.0,3-3,1.0,ﾎﾙﾀﾞ回転加工室,ﾎﾙﾀﾞ,18,M33-1H(左),,あり,1,200,3.0,400,動力盤C(ﾎﾙﾀﾞ加工室1内),22,,1.0,3.0,KM-NCT-400A,5200.0,2.0,10400.0,,,,
105.0,3-3,1.0,ﾎﾙﾀﾞ回転加工室,ﾎﾙﾀﾞ,18,M33-1H(左),,あり,2,200,3.0,400,NVX1号機,19,,1.0,3.0,KM-NCT-400A,5200.0,2.0,10400.0,,,,
126.0,3-3,1.0,ﾎﾙﾀﾞ回転加工室,ﾎﾙﾀﾞ,2,M33-1I,,あり,1,200,3.0,800,主幹,31,,,3.0,,,,,,,,
127.0,3-3,1.0,ﾎﾙﾀﾞ回転加工室,ﾎﾙﾀﾞ,2,M33-1I,,あり,3,200,3.0,225,焼き入れ装置,13,,1.0,3.0,KM-NCT-225A,3900.0,2.0,7800.0,,,,
128.0,3-3,1.0,ﾎﾙﾀﾞ回転加工室,ﾎﾙﾀﾞ,2,M33-1I,,あり,2,200,3.0,75,FAN盤,6,,1.0,3.0,KM-NCT-100A,3220.0,2.0,6440.0,,,,
129.0,3-3,1.0,ﾎﾙﾀﾞ回転加工室,ﾎﾙﾀﾞ,2,M33-1I,,あり,,200,3.0,225,VRXi300AWC,15,,1.0,3.0,KM-NCT-225A,3900.0,2.0,7800.0,,,,
130.0,3-3,1.0,ﾎﾙﾀﾞ回転加工室,ﾎﾙﾀﾞ,2,M33-1I,,あり,,200,3.0,225,なし,なし,OFF,,3.0,,,,,,,,
131.0,3-3,1.0,ﾎﾙﾀﾞ回転加工室,ﾎﾙﾀﾞ,2,M33-1I,,あり,1,200,3.0,400,NVX4号機,15,,1.0,3.0,KM-NCT-400A,5200.0,2.0,10400.0,,,,
141.0,3-3,1.0,ﾎﾙﾀﾞ加工室,ﾎﾙﾀﾞ,,M33-1J,,あり,,200,3.0,300,主幹,20,,1.0,3.0,KM-NCT-400A,5200.0,2.0,10400.0,,,,
142.0,3-3,1.0,ﾎﾙﾀﾞ加工室,ﾎﾙﾀﾞ,,M33-1J,,あり,,200,3.0,175,MULTUS B3002ARMROID,15,,,3.0,,,,,,,,
143.0,3-3,1.0,ﾎﾙﾀﾞ加工室,ﾎﾙﾀﾞ,,M33-1J,,あり,,200,3.0,100,NL2000SY,15,,,3.0,,,,,,,,
191.0,3-3,1.0,ﾎﾙﾀﾞ旋削加工室,ﾎﾙﾀﾞ,15,M33-1J-1(1),工具1F動力M-1(左),あり,,200,3.0,150,特注ﾏｻﾞｯｸ5軸VCN-510C-2,13,,,3.0,,,,,,,,
192.0,3-3,1.0,ﾎﾙﾀﾞ旋削加工室,開発,15,M33-1J-1(1),工具1F動力M-1(左),あり,13,200,3.0,175,NV4000DCG,15,,,3.0,,,,,,,,
193.0,3-3,1.0,ﾎﾙﾀﾞ旋削加工室,ﾎﾙﾀﾞ,15,M33-1J-1(1),工具1F動力M-1(左),あり,15,200,3.0,175,旋削ﾏｻﾞｯｸ5軸VRX-500,15.5,,,3.0,,,,,,,,
194.0,3-3,1.0,ﾎﾙﾀﾞ旋削加工室,ﾎﾙﾀﾞ,15,M33-1J-1(1),工具1F動力M-1(左),あり,,200,3.0,75,なし,6,OFF,,3.0,,,,,,,,
195.0,3-3,1.0,ﾎﾙﾀﾞ旋削加工室,ﾎﾙﾀﾞ,15,M33-1J-1(1),工具1F動力M-1(左),あり,19,200,3.0,50,なし,なし,OFF,,3.0,,,,,,,,
196.0,3-3,1.0,ﾎﾙﾀﾞ旋削加工室,ﾎﾙﾀﾞ,15,M33-1J-1(1),工具1F動力M-1(左),あり,111,200,3.0,50,なし,なし,OFF,,3.0,,,,,,,,
197.0,3-3,1.0,ﾎﾙﾀﾞ旋削加工室,原料,15,M33-1J-1(1),工具1F動力M-1(左),あり,113,200,3.0,15,ﾘﾌﾀｰ電源,5,,,3.0,,,,,,,,
198.0,3-3,1.0,ﾎﾙﾀﾞ旋削加工室,ﾎﾙﾀﾞ,15,M33-1J-1(1),工具1F動力M-1(左),あり,,200,3.0,125,H生産機器,13,OFF,,3.0,,,,,,,,
199.0,3-3,1.0,ﾎﾙﾀﾞ旋削加工室,開発,15,M33-1J-1(1),工具1F動力M-1(左),あり,,200,3.0,175,MILLAC44V,15.5,,,3.0,,,,,,,,
200.0,3-3,1.0,ﾎﾙﾀﾞ旋削加工室,開発,15,M33-1J-1(1),工具1F動力M-1(左),あり,,200,3.0,150,恒温ﾌﾞｰｽ用動力盤,15,,,3.0,,,,,,,,
201.0,3-3,1.0,ﾎﾙﾀﾞ旋削加工室,,15,M33-1J-1(1),工具1F動力M-1(左),あり,,200,3.0,20,H生産機器,3.5,OFF,,3.0,,,,,,,,
202.0,3-3,1.0,ﾎﾙﾀﾞ旋削加工室,,15,M33-1J-1(1),工具1F動力M-1(左),あり,110,200,3.0,50,なし,なし,OFF,,3.0,,,,,,,,
203.0,3-3,1.0,ﾎﾙﾀﾞ旋削加工室,原料,15,M33-1J-1(1),工具1F動力M-1(左),あり,112,200,3.0,30,ﾌｫｰｸﾘﾌﾄ充電電源,5,,,3.0,,,,,,,,
204.0,3-3,1.0,ﾎﾙﾀﾞ旋削加工室,,15,M33-1J-1(1),工具1F動力M-1(左),あり,,200,3.0,20,なし,4,OFF,,3.0,,,,,,,,
213.0,3-3,1.0,ﾎﾙﾀﾞ旋削加工室,ﾎﾙﾀﾞ,31,M33-1J-1(2),工具1F動力M-2(中),あり,MCCB21,200,3.0,175,VRX-I500-1,10.5,,,3.0,,,,,,,,
214.0,3-3,1.0,ﾎﾙﾀﾞ旋削加工室,ﾎﾙﾀﾞ,31,M33-1J-1(2),工具1F動力M-2(中),あり,MCCB23,200,3.0,175,Vertex550-5X,10.5,,,3.0,,,,,,,,
215.0,3-3,1.0,ﾎﾙﾀﾞ旋削加工室,ﾎﾙﾀﾞ,31,M33-1J-1(2),工具1F動力M-2(中),あり,MCCB25,200,3.0,175,P生産機器,10.5,,,3.0,,,,,,,,
216.0,3-3,1.0,ﾎﾙﾀﾞ旋削加工室,ﾎﾙﾀﾞ,31,M33-1J-1(2),工具1F動力M-2(中),あり,MCCB27,200,3.0,30,L生産機器,なし,OFF,,3.0,,,,,,,,
217.0,3-3,1.0,ﾎﾙﾀﾞ旋削加工室,ﾎﾙﾀﾞ,31,M33-1J-1(2),工具1F動力M-2(中),あり,MCCB29,200,1.0,50,なし,4,OFF,,2.0,,,,,,,,
218.0,3-3,1.0,ﾎﾙﾀﾞ旋削加工室,ﾎﾙﾀﾞ,31,M33-1J-1(2),工具1F動力M-2(中),あり,ELCB211,200,3.0,20,System3Rﾄﾗﾝｽﾌｫｰﾏｰ,4,,,3.0,,,,,,,,
219.0,3-3,1.0,ﾎﾙﾀﾞ旋削加工室,ﾎﾙﾀﾞ,31,M33-1J-1(2),工具1F動力M-2(中),あり,MCCB213,200,3.0,30,SS-2電動ｼｬｯﾀｰ,5,,,3.0,,,,,,,,
220.0,3-3,1.0,ﾎﾙﾀﾞ旋削加工室,ﾎﾙﾀﾞ,31,M33-1J-1(2),工具1F動力M-2(中),あり,MCCB22,200,3.0,175,M生産機器,15.5,OFF,,3.0,,,,,,,,
221.0,3-3,1.0,ﾎﾙﾀﾞ旋削加工室,ﾎﾙﾀﾞ,31,M33-1J-1(2),工具1F動力M-2(中),あり,MCCB24,200,3.0,175,VRX-I500-2,15.5,,,3.0,,,,,,,,
222.0,3-3,1.0,ﾎﾙﾀﾞ旋削加工室,原料,31,M33-1J-1(2),工具1F動力M-2(中),あり,MCCB26,200,3.0,125,集塵機,13,,,3.0,,,,,,,,
223.0,3-3,1.0,ﾎﾙﾀﾞ旋削加工室,原料,31,M33-1J-1(2),工具1F動力M-2(中),あり,MCCB28,200,3.0,50,全自動型遠心分離機,9.5,,,3.0,,,,,,,,
224.0,3-3,1.0,ﾎﾙﾀﾞ旋削加工室,ﾎﾙﾀﾞ,31,M33-1J-1(2),工具1F動力M-2(中),あり,MCCB210,200,3.0,50,なし,なし,OFF,,3.0,,,,,,,,
225.0,3-3,1.0,ﾎﾙﾀﾞ旋削加工室,ﾎﾙﾀﾞ,31,M33-1J-1(2),工具1F動力M-2(中),あり,MCCB212,200,3.0,30,SS-1電動ｼｬｯﾀｰ,5,,,3.0,,,,,,,,
226.0,3-3,1.0,ﾎﾙﾀﾞ旋削加工室,ﾎﾙﾀﾞ,31,M33-1J-1(2),工具1F動力M-2(中),あり,MCCB214,200,3.0,50,切断機,5,,,3.0,,,,,,,,
144.0,3-3,1.0,ﾎﾙﾀﾞ材料加工室,ﾎﾙﾀﾞ,1,M33-1K,,あり,1,200,3.0,900,主幹,測定不能,金属板,,3.0,,,,,,,,
145.0,3-3,1.0,ﾎﾙﾀﾞ材料加工室,ﾎﾙﾀﾞ,1,M33-1K,,あり,24,200,3.0,300,24,20,,1.0,3.0,KM-NCT-400A,5200.0,2.0,10400.0,,,,
146.0,3-3,1.0,ﾎﾙﾀﾞ材料加工室,ﾎﾙﾀﾞ,1,M33-1K,,あり,1,200,3.0,100,ｶﾞﾝﾄﾞﾘﾙ,11,,1.0,3.0,KM-NCT-100A,3220.0,2.0,6440.0,,,,
147.0,3-3,1.0,ﾎﾙﾀﾞ材料加工室,ﾎﾙﾀﾞ,1,M33-1K,,あり,27,200,3.0,100,TSUGAMIG300A-500,11,,1.0,3.0,KM-NCT-100A,3220.0,2.0,6440.0,,,,
148.0,3-3,1.0,ﾎﾙﾀﾞ材料加工室,ﾎﾙﾀﾞ,1,M33-1K,,あり,4,200,3.0,30,なし,なし,OFF,,3.0,,,,,,,,
149.0,3-3,1.0,ﾎﾙﾀﾞ材料加工室,ﾎﾙﾀﾞ,1,M33-1K,,あり,6,200,3.0,50,ｾﾝﾀﾚｽ研磨機,5,,1.0,3.0,M-NCT-5A/50A,2880.0,2.0,5760.0,,,,
150.0,3-3,1.0,ﾎﾙﾀﾞ材料加工室,ﾎﾙﾀﾞ,1,M33-1K,,あり,8,200,3.0,50,ﾎﾙﾀﾞ加工室ｴｱｺﾝ屋外機(三菱),5,,1.0,3.0,M-NCT-5A/50A,2880.0,2.0,5760.0,,,,
151.0,3-3,1.0,ﾎﾙﾀﾞ材料加工室,ﾎﾙﾀﾞ,1,M33-1K,,あり,10,200,3.0,50,平面研削機,5,,1.0,3.0,M-NCT-5A/50A,2880.0,2.0,5760.0,,,,
152.0,3-3,1.0,ﾎﾙﾀﾞ材料加工室,ﾎﾙﾀﾞ,1,M33-1K,,あり,12,200,3.0,30,ﾎﾙﾀﾞ加工室ｴｱｺﾝ屋内機(三菱),5,,1.0,3.0,M-NCT-5A/50A,2880.0,2.0,5760.0,,,,
153.0,3-3,1.0,ﾎﾙﾀﾞ材料加工室,ﾎﾙﾀﾞ,1,M33-1K,,あり,14,200,3.0,30,なし,3.5,OFF,,3.0,,,,,,,,
154.0,3-3,1.0,ﾎﾙﾀﾞ材料加工室,ﾎﾙﾀﾞ,1,M33-1K,,あり,16,200,3.0,50,予備4,10,OFF,,3.0,,,,,,,,
155.0,3-3,1.0,ﾎﾙﾀﾞ材料加工室,ﾎﾙﾀﾞ,1,M33-1K,,あり,18,200,3.0,30,予備,なし,OFF,,3.0,,,,,,,,
156.0,3-3,1.0,ﾎﾙﾀﾞ材料加工室,ﾎﾙﾀﾞ,1,M33-1K,,あり,20,200,3.0,30,なし,なし,OFF,,3.0,,,,,,,,
157.0,3-3,1.0,ﾎﾙﾀﾞ材料加工室,ﾎﾙﾀﾞ,1,M33-1K,,あり,22,200,3.0,30,なし,なし,OFF,,3.0,,,,,,,,
158.0,3-3,1.0,ﾎﾙﾀﾞ材料加工室,ﾎﾙﾀﾞ,1,M33-1K,,あり,29,200,3.0,50,なし,なし,OFF,,3.0,,,,,,,,
159.0,3-3,1.0,ﾎﾙﾀﾞ材料加工室,ﾎﾙﾀﾞ,1,M33-1K,,あり,26,200,3.0,100,なし,なし,OFF,,3.0,,,,,,,,
160.0,3-3,1.0,ﾎﾙﾀﾞ材料加工室,ﾎﾙﾀﾞ,1,M33-1K,,あり,3,200,3.0,50,なし,5,,1.0,3.0,M-NCT-5A/50A,2880.0,2.0,5760.0,,,,
161.0,3-3,1.0,ﾎﾙﾀﾞ材料加工室,ﾎﾙﾀﾞ,1,M33-1K,,あり,5,200,3.0,50,なし,なし,OFF,,3.0,,,,,,,,
162.0,3-3,1.0,ﾎﾙﾀﾞ材料加工室,ﾎﾙﾀﾞ,1,M33-1K,,あり,7,200,3.0,50,ﾊﾞﾌｸﾞﾗｲﾝﾀﾞｰ電源盤,11,,1.0,3.0,KM-NCT-100A,3220.0,2.0,6440.0,,,,
163.0,3-3,1.0,ﾎﾙﾀﾞ材料加工室,ﾎﾙﾀﾞ,1,M33-1K,,あり,9,200,3.0,50,なし,なし,OFF,,3.0,,,,,,,,
164.0,3-3,1.0,ﾎﾙﾀﾞ材料加工室,ﾎﾙﾀﾞ,1,M33-1K,,あり,11,200,3.0,30,なし,なし,OFF,,3.0,,,,,,,,
165.0,3-3,1.0,ﾎﾙﾀﾞ材料加工室,ﾎﾙﾀﾞ,1,M33-1K,,あり,13,200,3.0,30,なし,3.5,OFF,,3.0,,,,,,,,
166.0,3-3,1.0,ﾎﾙﾀﾞ材料加工室,ﾎﾙﾀﾞ,1,M33-1K,,あり,15,200,3.0,50,予備,5,OFF,,3.0,,,,,,,,
167.0,3-3,1.0,ﾎﾙﾀﾞ材料加工室,ﾎﾙﾀﾞ,1,M33-1K,,あり,17,200,3.0,30,予備,なし,OFF,,3.0,,,,,,,,
168.0,3-3,1.0,ﾎﾙﾀﾞ材料加工室,ﾎﾙﾀﾞ,1,M33-1K,,あり,19,200,3.0,30,予備,3.5,OFF,,3.0,,,,,,,,
169.0,3-3,1.0,ﾎﾙﾀﾞ材料加工室,ﾎﾙﾀﾞ,1,M33-1K,,あり,21,200,3.0,30,放電穴あけ機NSD-640K,5,,1.0,3.0,M-NCT-5A/50A,2880.0,2.0,5760.0,,,,
170.0,3-3,1.0,ﾎﾙﾀﾞ材料加工室,ﾎﾙﾀﾞ,1,M33-1K,,あり,23,200,3.0,30,なし,3.5,OFF,,3.0,,,,,,,,
171.0,3-3,1.0,ﾎﾙﾀﾞ材料加工室,ﾎﾙﾀﾞ,1,M33-1K,,あり,,200,3.0,100,TSUNE,11,OFF,,3.0,,,,,,,,
172.0,3-3,1.0,ﾎﾙﾀﾞ材料加工室,ﾎﾙﾀﾞ,1,M33-1K,,あり,2,200,3.0,200,予備,なし,OFF,,3.0,,,,,,,,
173.0,3-3,1.0,ﾎﾙﾀﾞ材料加工室,ﾎﾙﾀﾞ,1,M33-1K,,あり,25,200,3.0,225,原料事務所動力盤,19,OFF,,3.0,,,,,,,,
174.0,3-3,1.0,ﾎﾙﾀﾞ材料加工室,ﾎﾙﾀﾞ,1,M33-1K,,あり,28,200,3.0,125,QTS200(ﾏｻﾞｯｸ),15,,1.0,3.0,KM-NCT-225A,3900.0,2.0,7800.0,,,,
175.0,3-3,1.0,ﾎﾙﾀﾞ材料加工室,ﾎﾙﾀﾞ,1,M33-1K,,あり,,200,3.0,150,なし,なし,OFF,,3.0,,,,,,,,
176.0,3-3,1.0,ﾎﾙﾀﾞ特注加工室,ﾎﾙﾀﾞ,32,M33-1K-1,M33-1K,あり,,200,3.0,ﾌﾞﾚｰｶなし,主幹,20,,,3.0,,,,,,,,
177.0,3-3,1.0,ﾎﾙﾀﾞ特注加工室,ﾎﾙﾀﾞ,32,M33-1K-1,M33-1K,あり,ELB1,200,3.0,150,NVX5080#3,12.5,,,3.0,,,,,,,,
178.0,3-3,1.0,ﾎﾙﾀﾞ特注加工室,ﾎﾙﾀﾞ,32,M33-1K-1,M33-1K,あり,,200,3.0,100,3V-FC,12.5,,,3.0,,,,,,,,
179.0,3-3,1.0,ﾎﾙﾀﾞ特注加工室,ﾎﾙﾀﾞ,32,M33-1K-1,M33-1K,あり,,200,3.0,100,3VA,12.5,,,3.0,,,,,,,,
180.0,3-3,1.0,ﾎﾙﾀﾞ特注加工室,ﾎﾙﾀﾞ,32,M33-1K-1,M33-1K,あり,3,200,3.0,50,予備,なし,OFF,,3.0,,,,,,,,
181.0,3-3,1.0,ﾎﾙﾀﾞ特注加工室,ﾎﾙﾀﾞ,32,M33-1K-1,M33-1K,あり,4,200,3.0,50,予備,5,OFF,,3.0,,,,,,,,
182.0,3-3,1.0,ﾎﾙﾀﾞ特注加工室,ﾎﾙﾀﾞ,32,M33-1K-1,M33-1K,あり,5,200,3.0,50,ﾊﾞﾗﾝｼﾝｸﾞﾏｼﾝ,なし,OFF,,3.0,,,,,,,,
183.0,3-3,1.0,ﾎﾙﾀﾞ特注加工室,ﾎﾙﾀﾞ,32,M33-1K-1,M33-1K,あり,6,200,3.0,50,なし,なし,OFF,,3.0,,,,,,,,
184.0,3-3,1.0,ﾎﾙﾀﾞ特注加工室,ﾎﾙﾀﾞ,32,M33-1K-1,M33-1K,あり,,200,3.0,50,空調ｴｱﾊﾝ運転盤,4,,,3.0,,,,,,,,
185.0,3-3,1.0,ﾎﾙﾀﾞ特注加工室,ﾎﾙﾀﾞ,32,M33-1K-1,M33-1K,あり,,200,3.0,50,なし,なし,OFF,,3.0,,,,,,,,
318.0,3-3,1.0,ﾎﾙﾀﾞ旋削加工室→原料集中制御室,原料,8,M33-1L,,あり,,200,3.0,900,ｱﾄﾗｲﾀ電源盤(主幹),22,2本,,3.0,,,,,,,,
319.0,3-3,1.0,ﾎﾙﾀﾞ旋削加工室→原料集中制御室,原料,8,M33-1L,,あり,,200,3.0,150,ｱﾄﾗｲﾀ1(AT3),16,,1.0,3.0,KM-NCT-225A,3900.0,2.0,7800.0,,,,
320.0,3-3,1.0,ﾎﾙﾀﾞ旋削加工室→原料集中制御室,原料,8,M33-1L,,あり,,200,3.0,150,ｱﾄﾗｲﾀ2(AT4),16,,1.0,3.0,KM-NCT-225A,3900.0,2.0,7800.0,,,,
321.0,3-3,1.0,ﾎﾙﾀﾞ旋削加工室→原料集中制御室,原料,8,M33-1L,,あり,,200,3.0,150,ｱﾄﾗｲﾀ3(AT5),16,,1.0,3.0,KM-NCT-225A,3900.0,2.0,7800.0,,,,
322.0,3-3,1.0,ﾎﾙﾀﾞ旋削加工室→原料集中制御室,原料,8,M33-1L,,あり,,200,3.0,150,ｱﾄﾗｲﾀ4(AT6),16,,1.0,3.0,KM-NCT-225A,3900.0,2.0,7800.0,,,,
323.0,3-3,1.0,ﾎﾙﾀﾞ旋削加工室→原料集中制御室,原料,8,M33-1L,,あり,,200,3.0,40,ｱﾄﾗｲﾀ15S,6,,1.0,3.0,M-NCT-5A/50A,2880.0,2.0,5760.0,,,,
324.0,3-3,1.0,ﾎﾙﾀﾞ旋削加工室→原料集中制御室,原料,8,M33-1L,,あり,,200,3.0,150,ｱﾄﾗｲﾀMA-60SE-X,16,,1.0,3.0,KM-NCT-225A,3900.0,2.0,7800.0,,,,
325.0,3-3,1.0,ﾎﾙﾀﾞ旋削加工室→原料集中制御室,原料,8,M33-1L,,あり,,200,3.0,900,空き,,,,3.0,,,,,,,,
326.0,3-3,1.0,原料集中制御室,原料,5,M33-1N(A),,あり,,200,3.0,ﾌﾞﾚｰｶなし,主幹,28,,,3.0,,,,,,,,
327.0,3-3,1.0,原料集中制御室,原料,5,M33-1N(A),,あり,1,200,3.0,500,温水ﾋｰﾀ装置動力盤,19,2本,1.0,3.0,KM-NCT-600A,5200.0,2.0,10400.0,,,,
328.0,3-3,1.0,原料集中制御室,原料,5,M33-1N(A),,あり,2,200,3.0,300,洗浄温水ﾋｰﾀｰ装置,23,,1.0,3.0,KM-NCT-400A,5200.0,2.0,10400.0,,,,
329.0,3-3,1.0,原料集中制御室,原料,6,M33-1N(B),,あり,,200,3.0,ﾌﾞﾚｰｶなし,主幹,26,2本,,3.0,,,,,,,,
330.0,3-3,1.0,原料集中制御室,原料,6,M33-1N(B),,あり,24,200,3.0,400,ｽﾌﾟﾚｰ原液ﾎﾟﾝﾌﾟ動力盤,20.3,,1.0,3.0,KM-NCT-400A,5200.0,2.0,10400.0,,,,
331.0,3-3,1.0,原料集中制御室,原料,6,M33-1N(B),,あり,3,200,3.0,150,ｱﾄﾗｲﾀｰ制御盤(AT1),16.5,,1.0,3.0,KM-NCT-225A,3900.0,2.0,7800.0,,,,
332.0,3-3,1.0,原料集中制御室,原料,6,M33-1N(B),,あり,4,200,3.0,150,ｱﾄﾗｲﾀｰ制御盤(AT2),16.5,,1.0,3.0,KM-NCT-225A,3900.0,2.0,7800.0,,,,
333.0,3-3,1.0,原料集中制御室,原料,6,M33-1N(B),,あり,10,200,3.0,30,溶剤供給設備制御盤,4.5,,1.0,3.0,M-NCT-5A/50A,2880.0,2.0,5760.0,,,,
334.0,3-3,1.0,原料集中制御室,原料,6,M33-1N(B),,あり,12,200,3.0,30,ﾌﾞﾚﾝﾀﾞｰ電源盤,4.5,,1.0,3.0,M-NCT-5A/50A,2880.0,2.0,5760.0,,,,
335.0,3-3,1.0,原料集中制御室,原料,6,M33-1N(B),,あり,14,200,3.0,30,集中制御室ｴｱｺﾝ,4.5,,1.0,3.0,M-NCT-5A/50A,2880.0,2.0,5760.0,,,,
77.0,3-3,1.0,ﾎﾙﾀﾞ回転加工室,ﾎﾙﾀﾞ,3,M33-1W,,あり,1,200,3.0,800,主幹,31,,,3.0,,,,,,,,
78.0,3-3,1.0,ﾎﾙﾀﾞ回転加工室,ﾎﾙﾀﾞ,3,M33-1W,,あり,,200,3.0,30,焼き入れ設備排気ﾌｧﾝ電源盤,4,,1.0,3.0,M-NCT-5A/50A,2880.0,2.0,5760.0,,,,
79.0,3-3,1.0,ﾎﾙﾀﾞ回転加工室,ﾎﾙﾀﾞ,3,M33-1W,,あり,1,200,3.0,175,ﾎﾙﾀﾞ測定室分電盤,8.5,,1.0,3.0,KM-NCT-225A,3900.0,2.0,7800.0,,,,
80.0,3-3,1.0,ﾎﾙﾀﾞ回転加工室,ﾎﾙﾀﾞ,3,M33-1W,,あり,2,200,3.0,175,NTX1000 1号機,15,,1.0,3.0,KM-NCT-225A,3900.0,2.0,7800.0,,,,
81.0,3-3,1.0,ﾎﾙﾀﾞ回転加工室,ﾎﾙﾀﾞ,3,M33-1W,,あり,,200,3.0,225,NTX1000 2号機,15,,1.0,3.0,KM-NCT-225A,3900.0,2.0,7800.0,,,,
82.0,3-3,1.0,ﾎﾙﾀﾞ回転加工室,ﾎﾙﾀﾞ,3,M33-1W,,あり,,200,3.0,225,NTX1000 3号機,15,,1.0,3.0,KM-NCT-225A,3900.0,2.0,7800.0,,,,
83.0,3-3,1.0,ﾎﾙﾀﾞ回転加工室,ﾎﾙﾀﾞ,3,M33-1W,,あり,,200,3.0,225,NTX1000 4号機,15,,1.0,3.0,KM-NCT-225A,3900.0,2.0,7800.0,,,,
84.0,3-3,1.0,ﾎﾙﾀﾞ回転加工室,ﾎﾙﾀﾞ,3,M33-1W,,あり,3,200,3.0,30,振動ﾊﾞﾚﾙ,4,OFF,,3.0,,,,,,,,
85.0,3-3,1.0,ﾎﾙﾀﾞ回転加工室,ﾎﾙﾀﾞ,3,M33-1W,,あり,7,200,3.0,20,なし,6,OFF,,3.0,,,,,,,,
86.0,3-3,1.0,ﾎﾙﾀﾞ回転加工室,ﾎﾙﾀﾞ,3,M33-1W,,あり,,200,1.0,30,SiRONF904,5,,1.0,2.0,M-NCT-5A/50A,2880.0,1.0,2880.0,,,,
87.0,3-3,1.0,ﾎﾙﾀﾞ回転加工室,ﾎﾙﾀﾞ,3,M33-1W,,あり,9,200,3.0,30,洗浄機,4,,1.0,3.0,M-NCT-5A/50A,2880.0,2.0,5760.0,,,,
88.0,3-3,1.0,ﾎﾙﾀﾞ回転加工室,ﾎﾙﾀﾞ,3,M33-1W,,あり,10,200,3.0,30,戻し機,4,,1.0,3.0,M-NCT-5A/50A,2880.0,2.0,5760.0,,,,
89.0,3-3,1.0,ﾎﾙﾀﾞ回転加工室,ﾎﾙﾀﾞ,3,M33-1W,,あり,,200,3.0,75,NTX1000ﾛｰﾀﾞｰ,9.5,,1.0,3.0,KM-NCT-100A,3220.0,2.0,6440.0,,,,
90.0,3-3,1.0,ﾎﾙﾀﾞ回転加工室,ﾎﾙﾀﾞ,3,M33-1W,,あり,6,200,3.0,250,なし,なし,OFF,,3.0,,,,,,,,
91.0,3-3,1.0,ﾎﾙﾀﾞ回転加工室,ﾎﾙﾀﾞ,,M33-1W-1盤,M33-1W,あり,MCB21,200,3.0,225,主幹,15,,1.0,3.0,KM-NCT-225A,3900.0,2.0,7800.0,,,,
92.0,3-3,1.0,ﾎﾙﾀﾞ回転加工室,ﾎﾙﾀﾞ,,M33-1W-1盤,M33-1W,あり,,200,3.0,75,なし,なし,OFF,,3.0,,,,,,,,
93.0,3-3,1.0,ﾎﾙﾀﾞ回転加工室,ﾎﾙﾀﾞ,,M33-1W-1盤,M33-1W,あり,,200,3.0,75,なし,なし,OFF,,3.0,,,,,,,,
94.0,3-3,1.0,ﾎﾙﾀﾞ回転加工室,ﾎﾙﾀﾞ,,M33-1W-1盤,M33-1W,あり,,200,3.0,60,NV2400R,9.5,,,3.0,,,,,,,,
95.0,3-3,1.0,ﾎﾙﾀﾞ回転加工室,ﾎﾙﾀﾞ,,M33-1W-1盤,M33-1W,あり,,200,3.0,50,NV1200S,9.5,,,3.0,,,,,,,,
96.0,3-3,1.0,ﾎﾙﾀﾞ回転加工室,ﾎﾙﾀﾞ,,M33-1W-1盤,M33-1W,あり,,200,3.0,50,S700X1#1,5.5,,,3.0,,,,,,,,
97.0,3-3,1.0,ﾎﾙﾀﾞ回転加工室,ﾎﾙﾀﾞ,,M33-1W-1盤,M33-1W,あり,,200,3.0,15,なし,なし,OFF,,3.0,,,,,,,,
439.0,3-3,2.0,廊下,CBN,25,M33-2A,,なし,,200,3.0,30,主幹,4.5,,1.0,3.0,M-NCT-5A/50A,2880.0,2.0,5760.0,,,,
440.0,3-3,2.0,廊下,CBN,25,M33-2A,,なし,,200,3.0,15,換気扇No1,3.5,,,3.0,,,,,,,,
441.0,3-3,2.0,廊下,CBN,25,M33-2A,,なし,,200,3.0,15,換気扇No2,3.5,,,3.0,,,,,,,,
442.0,3-3,2.0,廊下,CBN,25,M33-2A,,なし,,200,3.0,15,換気扇No3,3.5,,,3.0,,,,,,,,
443.0,3-3,2.0,廊下,CBN,25,M33-2A,,なし,,200,3.0,20,自動制御盤,3.5,,,3.0,,,,,,,,
444.0,3-3,2.0,廊下,CBN,25,M33-2A,,なし,,200,1.0,15,操作電源･警報電源,3,,,2.0,,,,,,,,
481.0,3-3,2.0,CBN加工室,CBN,9~13,M33-2F,,なし,,200,3.0,400,ﾜｲﾔｰ加工室電源盤 洗浄機盤 他,26,(主幹)親,1.0,3.0,KM-NCT-400A,5200.0,2.0,10400.0,,,,
482.0,3-3,2.0,CBN加工室,CBN,9~13,M33-2F,,なし,,200,3.0,400,研磨,26,(主幹)親,1.0,3.0,KM-NCT-400A,5200.0,2.0,10400.0,,,,
483.0,3-3,2.0,CBN加工室,CBN,9~13,M33-2F,,なし,,200,3.0,75,ADG400N,12,,,3.0,,,,,,,,
484.0,3-3,2.0,CBN加工室,CBN,9~13,M33-2F,,なし,,200,3.0,75,ﾗｯﾌﾟ室分電盤行,11,,,3.0,,,,,,,,
485.0,3-3,2.0,CBN加工室,CBN,9~13,M33-2F,,なし,,200,3.0,50,平研,6,,,3.0,,,,,,,,
486.0,3-3,2.0,CBN加工室,CBN,9~13,M33-2F,,なし,,200,3.0,30,ﾚｰｻﾞｰ切断,5,,,3.0,,,,,,,,
487.0,3-3,2.0,CBN加工室,CBN,9~13,M33-2F,,なし,,200,3.0,30,ﾚｰｻﾞｰ印字機2号機,4,,,3.0,,,,,,,,
488.0,3-3,2.0,CBN加工室,CBN,9~13,M33-2F,,なし,,200,3.0,20,ﾌﾞﾗｼ研磨機,5,,,3.0,,,,,,,,
489.0,3-3,2.0,CBN加工室,CBN,9~13,M33-2F,,なし,,200,3.0,40,A105,5,,,3.0,,,,,,,,
490.0,3-3,2.0,CBN加工室,CBN,9~13,M33-2F,,なし,,200,1.0,20,GIG-4消火設備,4,,,2.0,,,,,,,,
491.0,3-3,2.0,CBN加工室,CBN,9~13,M33-2F,,なし,,200,3.0,60,APX101,9,,,3.0,,,,,,,,
492.0,3-3,2.0,CBN加工室,CBN,9~13,M33-2F,,なし,,200,3.0,50,Neｶﾞｽﾌﾞｰｽﾀｰ,6,,,3.0,,,,,,,,
493.0,3-3,2.0,CBN加工室,CBN,9~13,M33-2F,,なし,,200,1.0,50,連続炉,5,,,2.0,,,,,,,,
494.0,3-3,2.0,CBN加工室,CBN,9~13,M33-2F,,なし,,200,3.0,30,連続炉ﾁﾗｰ,5,,,3.0,,,,,,,,
495.0,3-3,2.0,CBN加工室,CBN,9~13,M33-2F,,なし,,200,3.0,50,両頭研削盤(富士産機),9,,,3.0,,,,,,,,
496.0,3-3,2.0,CBN加工室,CBN,9~13,M33-2F,,なし,,200,3.0,30,STA,5,,,3.0,,,,,,,,
497.0,3-3,2.0,CBN加工室,CBN,9~13,M33-2F,,なし,,200,3.0,50,GIG-21 4号機,6,,,3.0,,,,,,,,
498.0,3-3,2.0,CBN加工室,CBN,9~13,M33-2F,,なし,,200,3.0,50,FLEX200,6,,,3.0,,,,,,,,
499.0,3-3,2.0,CBN加工室,CBN,9~13,M33-2F,,なし,,200,3.0,30,2F休憩室(2行下へ),5,,,3.0,,,,,,,,
500.0,3-3,2.0,CBN加工室,CBN,9~13,M33-2F,,あり,,200,3.0,150,MG30,11,,,3.0,,,,,,,,
501.0,3-3,2.0,CBN加工室,CBN,9~13,M33-2F,,なし,,200,3.0,30,2F休憩室空調電源,5,,,3.0,,,,,,,,
502.0,3-3,2.0,CBN加工室,CBN,9~13,M33-2F,,なし,,200,3.0,125,APX101､GIG消火､A105の親ﾌﾞﾚｰｶｰ,11,,,3.0,,,,,,,,
503.0,3-3,2.0,CBN加工室,CBN,9~13,M33-2F,,なし,,200,3.0,60,AP200L,11,,,3.0,,,,,,,,
504.0,3-3,2.0,CBN加工室,CBN,9~13,M33-2F,,なし,,200,3.0,60,AP250L,6,,,3.0,,,,,,,,
505.0,3-3,2.0,CBN加工室,CBN,9~13,M33-2F,,なし,,200,3.0,30,ろう付室200Vｺﾝｾﾝﾄ2,4,,,3.0,,,,,,,,
506.0,3-3,2.0,CBN加工室,CBN,9~13,M33-2F,,なし,,200,3.0,20,FD01201砥石整形機,4,,,3.0,,,,,,,,
507.0,3-3,2.0,CBN加工室,CBN,9~13,M33-2F,,なし,,200,3.0,20,ろう付室200Vｺﾝｾﾝﾄ1,4,,,3.0,,,,,,,,
508.0,3-3,2.0,CBN加工室,CBN,9~13,M33-2F,,なし,,200,3.0,30,なし,なし,,,3.0,,,,,,,,
509.0,3-3,2.0,CBN加工室,CBN,9~13,M33-2F,,なし,,200,3.0,30,手動C面加工機用ﾐｽﾄﾚｰｻｰ,3,,,3.0,,,,,,,,
510.0,3-3,2.0,CBN加工室,CBN,9~13,M33-2F,,なし,,200,3.0,60,AP460-1,6,,,3.0,,,,,,,,
511.0,3-3,2.0,CBN加工室,CBN,9~13,M33-2F,,なし,,200,3.0,60,HORB-25,6,,,3.0,,,,,,,,
512.0,3-3,2.0,CBN加工室,CBN,9~13,M33-2F,,なし,,200,3.0,15,OFU-1給気ﾌｧﾝﾕﾆｯﾄ,4.5,,,3.0,,,,,,,,
513.0,3-3,2.0,CBN加工室,CBN,9~13,M33-2F,,なし,,200,3.0,15,HF-1排気ﾌｧﾝ,4.5,,,3.0,,,,,,,,
514.0,3-3,2.0,CBN加工室,CBN,9~13,M33-2F,,なし,,200,3.0,15,EF-2排気ﾌｧﾝ,4.5,,,3.0,,,,,,,,
515.0,3-3,2.0,CBN加工室,CBN,9~13,M33-2F,,なし,,200,3.0,15,EF-3排気ﾌｧﾝ,4.5,未使用,,3.0,,,,,,,,
516.0,3-3,2.0,CBN加工室,CBN,9~13,M33-2F,,なし,,200,3.0,15,EF-4排気ﾌｧﾝ,4.5,,,3.0,,,,,,,,
517.0,3-3,2.0,CBN加工室,CBN,9~13,M33-2F,,なし,,200,3.0,30,STB001湿式ﾌﾞﾗｼ#2,5,,,3.0,,,,,,,,
518.0,3-3,2.0,CBN加工室,CBN,9~13,M33-2F,,なし,,200,3.0,30,ろう付ｾｯﾄ装置,4,,,3.0,,,,,,,,
519.0,3-3,2.0,CBN加工室,CBN,9~13,M33-2F,,なし,,200,3.0,75,200Vｺﾝｾﾝﾄ親,8,,,3.0,,,,,,,,
520.0,3-3,2.0,CBN加工室,CBN,9~13,M33-2F,,なし,,200,3.0,60,AP460-3,12,,,3.0,,,,,,,,
521.0,3-3,2.0,CBN加工室,CBN,9~13,M33-2F,,なし,,200,3.0,150,"AP200L,AP250Lの親",12,,,3.0,,,,,,,,
522.0,3-3,2.0,CBN加工室,CBN,9~13,M33-2F,,なし,,200,3.0,125,"AP460-1,HORB-25の親",12,,,3.0,,,,,,,,
523.0,3-3,2.0,CBN加工室,CBN,9~13,M33-2F,,なし,,200,3.0,225,PAC-1空調機,14,,,3.0,,,,,,,,
524.0,3-3,2.0,CBN加工室,CBN,9~13,M33-2F,,なし,,200,1.0,15,研削液用ﾎﾟﾝﾌﾟ,4,未使用?,,2.0,,,,,,,,
525.0,3-3,2.0,CBN加工室,CBN,9~13,M33-2F,,なし,,200,3.0,20,集塵機用ｺﾝｾﾝﾄ,4,,,3.0,,,,,,,,
526.0,3-3,2.0,CBN加工室,CBN,9~13,M33-2F,,なし,,200,3.0,60,手動C面加工機用2台[1/2],4,,,3.0,,,,,,,,
526.0,3-3,2.0,CBN加工室,CBN,9~13,M33-2F,,なし,,200,3.0,60,手動C面加工機用2台[2/2],4,,,3.0,,,,,,,,
527.0,3-3,2.0,CBN加工室,CBN,9~13,M33-2F,,なし,,200,3.0,100,真空炉,11,,,3.0,,,,,,,,
528.0,3-3,2.0,CBN加工室,CBN,9~13,M33-2F,,なし,,200,3.0,30,ﾀﾞｲｷﾝ野外分電盤(空調盤),5,,,3.0,,,,,,,,
529.0,3-3,2.0,CBN加工室,CBN,9~13,M33-2F,,なし,,200,3.0,60,AP460-2,9,,,3.0,,,,,,,,
530.0,3-3,2.0,CBN加工室,CBN,9~13,M33-2F,,なし,,200,3.0,30,ﾌｧﾝ盤,5,,,3.0,,,,,,,,
531.0,3-3,2.0,CBN加工室,CBN,9~13,M33-2F,,なし,,200,3.0,20,排熱ﾀﾞｸﾄ盤,4,,,3.0,,,,,,,,
532.0,3-3,2.0,CBN加工室,CBN,9~13,M33-2F,,なし,,200,3.0,50,自動C面機#3,5,,,3.0,,,,,,,,
533.0,3-3,2.0,CBN加工室,CBN,9~13,M33-2F,,なし,,200,3.0,50,自動C面機#2,5,,,3.0,,,,,,,,
534.0,3-3,2.0,CBN加工室,CBN,9~13,M33-2F,,なし,,200,3.0,30,ｷｰｴﾝｽﾚｰｻﾞｰ,6,,,3.0,,,,,,,,
712.0,3-3,3.0,ｿﾘｯﾄﾞ検査室/QA,,33,M33-3(再研),,あり,,200,3.0,400,主幹,25,,1.0,3.0,KM-NCT-400A,5200.0,2.0,10400.0,,,,
713.0,3-3,3.0,ｿﾘｯﾄﾞ検査室/QA,,33,M33-3(再研),,あり,,200,3.0,50,天井巻き上げ,5,OFF,,3.0,,,,,,,,
714.0,3-3,3.0,ｿﾘｯﾄﾞ検査室/QA,,33,M33-3(再研),,あり,,200,3.0,50,天井巻き上げ,5,OFF,,3.0,,,,,,,,
715.0,3-3,3.0,ｿﾘｯﾄﾞ検査室/QA,,33,M33-3(再研),,あり,,200,3.0,50,天井巻き上げ,5,OFF,,3.0,,,,,,,,
716.0,3-3,3.0,ｿﾘｯﾄﾞ検査室/QA,,33,M33-3(再研),,あり,,200,3.0,50,天井巻き上げ,5,OFF,,3.0,,,,,,,,
717.0,3-3,3.0,ｿﾘｯﾄﾞ検査室/QA,,33,M33-3(再研),,あり,,200,3.0,20,天井巻き上げ,5,OFF,,3.0,,,,,,,,
718.0,3-3,3.0,ｿﾘｯﾄﾞ検査室/QA,,33,M33-3(再研),,あり,,200,3.0,50,天井巻き上げ,5,OFF,,3.0,,,,,,,,
719.0,3-3,3.0,ｿﾘｯﾄﾞ検査室/QA,,33,M33-3(再研),,あり,,200,3.0,50,天井巻き上げ,5,OFF,,3.0,,,,,,,,
720.0,3-3,3.0,ｿﾘｯﾄﾞ検査室/QA,,33,M33-3(再研),,あり,,200,3.0,50,天井巻き上げ,5,OFF,,3.0,,,,,,,,
721.0,3-3,3.0,ｿﾘｯﾄﾞ検査室/QA,,33,M33-3(再研),,あり,,200,3.0,50,天井巻き上げ,5,OFF,,3.0,,,,,,,,
722.0,3-3,3.0,ｿﾘｯﾄﾞ検査室/QA,,33,M33-3(再研),,あり,,200,3.0,30,天井巻き上げ,5,OFF,,3.0,,,,,,,,
723.0,3-3,3.0,ｿﾘｯﾄﾞ検査室/QA,,33,M33-3(再研),,あり,,200,3.0,50,天井巻き上げ,5,OFF,,3.0,,,,,,,,
724.0,3-3,3.0,ｿﾘｯﾄﾞ検査室/QA,,33,M33-3(再研),,あり,,200,3.0,30,天井巻き上げ,5,OFF,,3.0,,,,,,,,
725.0,3-3,3.0,ｿﾘｯﾄﾞ検査室/QA,,33,M33-3(再研),,あり,,200,3.0,30,天井巻き上げ,5,OFF,,3.0,,,,,,,,
673.0,3-3,3.0,再研磨MT室,,34,M33-31(NT),,あり,,200,3.0,800,主幹,25,2本,1.0,3.0,KM-NCT-600A,5200.0,2.0,10400.0,,,,
674.0,3-3,3.0,再研磨MT室,,34,M33-31(NT),,あり,,200,3.0,200,MG25,11.7,OFF,,3.0,,,,,,,,
675.0,3-3,3.0,再研磨MT室,,34,M33-31(NT),,あり,,200,3.0,75,GAE-30B,9.7,OFF,,3.0,,,,,,,,
676.0,3-3,3.0,再研磨MT室,,34,M33-31(NT),,あり,,200,3.0,50,GRI,なし,OFF,,3.0,,,,,,,,
677.0,3-3,3.0,再研磨MT室,,34,M33-31(NT),,あり,,200,3.0,50,GRI2,なし,OFF,,3.0,,,,,,,,
678.0,3-3,3.0,再研磨MT室,,34,M33-31(NT),,あり,,200,3.0,50,なし,なし,OFF,,3.0,,,,,,,,
679.0,3-3,3.0,再研磨MT室,,34,M33-31(NT),,あり,,200,3.0,50,なし,なし,OFF,,3.0,,,,,,,,
680.0,3-3,3.0,再研磨MT室,,34,M33-31(NT),,あり,,200,3.0,50,なし,なし,OFF,,3.0,,,,,,,,
681.0,3-3,3.0,再研磨MT室,,34,M33-31(NT),,あり,,200,3.0,50,なし,なし,OFF,,3.0,,,,,,,,
682.0,3-3,3.0,再研磨MT室,,34,M33-31(NT),,あり,,200,3.0,50,温洗機,なし,OFF,,3.0,,,,,,,,
683.0,3-3,3.0,再研磨MT室,,34,M33-31(NT),,あり,,200,3.0,50,ﾁﾗｰ･濾過,5,OFF,,3.0,,,,,,,,
684.0,3-3,3.0,再研磨MT室,,34,M33-31(NT),,あり,,200,3.0,50,なし,なし,OFF,,3.0,,,,,,,,
685.0,3-3,3.0,再研磨MT室,,34,M33-31(NT),,あり,,200,3.0,50,なし,なし,OFF,,3.0,,,,,,,,
686.0,3-3,3.0,再研磨MT室,,34,M33-31(NT),,あり,,200,3.0,50,なし,なし,OFF,,3.0,,,,,,,,
687.0,3-3,3.0,再研磨MT室,,34,M33-31(NT),,あり,,200,3.0,50,なし,なし,OFF,,3.0,,,,,,,,
688.0,3-3,3.0,再研磨MT室,品証,34,M33-31(NT),,あり,,200,3.0,50,ｸｰﾗﾝﾄ吐出測定器,5,,,3.0,,,,,,,,
689.0,3-3,3.0,再研磨MT室,,34,M33-31(NT),,あり,,200,1.0,50,SLD10,3.8,OFF,,2.0,,,,,,,,
690.0,3-3,3.0,再研磨MT室,,34,M33-31(NT),,あり,,200,3.0,50,ﾌﾞﾗｽﾄ装置,なし,OFF,,3.0,,,,,,,,
691.0,3-3,3.0,再研磨MT室,,34,M33-31(NT),,あり,,200,3.0,50,なし,なし,OFF,,3.0,,,,,,,,
692.0,3-3,3.0,再研磨MT室,,34,M33-31(NT),,あり,,200,3.0,50,なし,なし,OFF,,3.0,,,,,,,,
693.0,3-3,3.0,再研磨MT室,,34,M33-31(NT),,あり,,200,3.0,50,なし,なし,OFF,,3.0,,,,,,,,
694.0,3-3,3.0,再研磨MT室,,34,M33-31(NT),,あり,,200,3.0,50,なし,なし,OFF,,3.0,,,,,,,,
695.0,3-3,3.0,再研磨MT室,,34,M33-31(NT),,あり,,200,3.0,50,なし,なし,OFF,,3.0,,,,,,,,
696.0,3-3,3.0,再研磨MT室,,34,M33-31(NT),,あり,,200,3.0,50,なし,なし,OFF,,3.0,,,,,,,,
697.0,3-3,3.0,再研磨MT室,,34,M33-31(NT),,あり,,200,3.0,15,HC洗浄機ﾌｧﾝ,4,OFF,,3.0,,,,,,,,
698.0,3-3,3.0,再研磨MT室,,34,M33-31(NT),,あり,,200,3.0,50,予備ｹｰﾌﾞﾙ2,5,OFF、天井巻き上げ,,3.0,,,,,,,,
699.0,3-3,3.0,再研磨MT室,,34,M33-31(NT),,あり,,200,3.0,30,予備ｹｰﾌﾞﾙ1,5,OFF、天井巻き上げ,,3.0,,,,,,,,
700.0,3-3,3.0,再研磨MT室,,34,M33-31(NT),,あり,,200,3.0,30,ﾊﾞﾚﾙ機 MBF-330NC,なし,OFF,,3.0,,,,,,,,
701.0,3-3,3.0,再研磨MT室,,34,M33-31(NT),,あり,,200,3.0,15,空調機 AHU-1,3.2,OFF,,3.0,,,,,,,,
702.0,3-3,3.0,再研磨MT室,,34,M33-31(NT),,あり,,200,3.0,15,ﾌｧﾝｺｲﾙﾕﾆｯﾄ3号機,5,,,3.0,,,,,,,,
703.0,3-3,3.0,再研磨MT室,,34,M33-31(NT),,あり,,200,3.0,15,ﾄﾞﾗｲﾔｰ,3.2,,,3.0,,,,,,,,
704.0,3-3,3.0,再研磨MT室,,34,M33-31(NT),,あり,,200,3.0,75,ﾌﾞﾗｽﾄ装置用ｺﾝﾌﾟﾚｯｻ,なし,OFF,,3.0,,,,,,,,
705.0,3-3,3.0,再研磨MT室,,34,M33-31(NT),,あり,,200,3.0,20,HC洗浄機ﾁﾗｰ,なし,OFF,,3.0,,,,,,,,
706.0,3-3,3.0,再研磨MT室,,34,M33-31(NT),,あり,,200,3.0,30,ﾐｽﾄｺﾚｸﾀｰ1号機,なし,OFF,,3.0,,,,,,,,
707.0,3-3,3.0,再研磨MT室,,34,M33-31(NT),,あり,,200,3.0,30,なし,なし,OFF,,3.0,,,,,,,,
708.0,3-3,3.0,再研磨MT室,,34,M33-31(NT),,あり,,200,3.0,15,ﾌｧﾝｺｲﾙﾕﾆｯﾄ1号機,5,,,3.0,,,,,,,,
709.0,3-3,3.0,再研磨MT室,,34,M33-31(NT),,あり,,200,3.0,15,ﾌｧﾝｺｲﾙﾕﾆｯﾄ2号機,5,,,3.0,,,,,,,,
710.0,3-3,3.0,再研磨MT室,,34,M33-31(NT),,あり,,200,3.0,30,ﾐｽﾄﾚｰｻｰ操作盤,5,OFF,,3.0,,,,,,,,
711.0,3-3,3.0,再研磨MT室,,34,M33-31(NT),,あり,,200,1.0,20,自動制御用,3.2,,,2.0,,,,,,,,
726.0,3-3,3.0,ｿﾘｯﾄﾞ検査室/QA,,33,M33-3-1(再研),,あり,,200,3.0,30,天井巻き上げ,5,OFF,,3.0,,,,,,,,
727.0,3-3,3.0,ｿﾘｯﾄﾞ検査室/QA,,33,M33-3-1(再研),,あり,,200,3.0,30,天井巻き上げ,5,OFF,,3.0,,,,,,,,
728.0,3-3,3.0,ｿﾘｯﾄﾞ検査室/QA,,33,M33-3-1(再研),,あり,,200,3.0,20,空調室外機,なし,OFF,,3.0,,,,,,,,
729.0,3-3,3.0,ｿﾘｯﾄﾞ検査室/QA,,33,M33-3-1(再研),,あり,,200,3.0,20,空調室外機,なし,OFF,,3.0,,,,,,,,
645.0,3-3,3.0,廊下,,26,M33-3A,,あり,,200,3.0,30,主幹,3.2,,1.0,3.0,M-NCT-5A/50A,2880.0,2.0,5760.0,,,,
646.0,3-3,3.0,廊下,,26,M33-3A,,あり,,200,3.0,15,換気扇(北東未仕上げ室),3.2,停止,,3.0,,,,,,,,
647.0,3-3,3.0,廊下,,26,M33-3A,,あり,,200,3.0,15,換気扇(北西未仕上げ室),3.2,停止,,3.0,,,,,,,,
753.0,3-3,3.0,機構廊下,,4,M33-3B,,あり,,200,3.0,75,主幹,9.5,,1.0,3.0,KM-NCT-100A,3220.0,2.0,6440.0,,,,
754.0,3-3,3.0,機構廊下,,4,M33-3B,,あり,,200,3.0,50,空調機(SDｿﾞｰﾝ),5,,,3.0,,,,,,,,
755.0,3-3,3.0,機構廊下,,4,M33-3B,,あり,,200,3.0,30,排気ﾌｧﾝ(ｽﾌﾟﾚｰﾄﾞﾗｲﾔ室),3.2,,,3.0,,,,,,,,
756.0,3-3,3.0,機構廊下,,4,M33-3B,,あり,,200,3.0,30,空調機(機械3F),3.2,,,3.0,,,,,,,,
757.0,3-3,3.0,機構廊下,,4,M33-3B,,あり,,200,3.0,15,換気扇(北東通路),3.2,,,3.0,,,,,,,,
758.0,3-3,3.0,機構廊下,,4,M33-3B,,あり,,200,1.0,20,CP電源,4,,,2.0,,,,,,,,
760.0,3-3,4.0,屋上,,28,M33-4D,,あり,MCB-M,200,3.0,150,主幹,12,,1.0,3.0,KM-NCT-225A,3900.0,2.0,7800.0,,,,
761.0,3-3,4.0,屋上,,28,M33-4D,,あり,ELCB1,200,3.0,125,PAC-1空調機,10,,,3.0,,,,,,,,
762.0,3-3,4.0,屋上,,28,M33-4D,,あり,ELCB2,200,3.0,20,PAC-2空調機,4,OFF,,3.0,,,,,,,,
763.0,3-3,4.0,屋上,,28,M33-4D,,あり,ELCB3,200,3.0,20,PAC-3空調機,4,OFF,,3.0,,,,,,,,
764.0,3-3,4.0,屋上,,28,M33-4D,,あり,ELCB4,200,3.0,20,PAC-4空調機,4,OFF,,3.0,,,,,,,,
765.0,3-3,4.0,屋上,,28,M33-4D,,あり,,200,3.0,40,機械工具事務所空調室外機,5.6,,,3.0,,,,,,,,
899.0,1-1,1.0,ｿﾘｯﾄﾞ工具加工室2,RT,10,ML-2,MCCB01,なし,1,200,3.0,400,主幹,25,,1.0,3.0,KM-NCT-400A,5200.0,2.0,10400.0,,,,
900.0,1-1,1.0,ｿﾘｯﾄﾞ工具加工室2,RT,10,ML-2,MCCB01,なし,1,200,3.0,20,SAACKE開発機ﾀﾝｸ電源,4,,,3.0,,,,,,,,
901.0,1-1,1.0,ｿﾘｯﾄﾞ工具加工室2,RT,10,ML-2,MCCB01,なし,2,200,3.0,75,GAE-2,11,,,3.0,,,,,,,,
902.0,1-1,1.0,ｿﾘｯﾄﾞ工具加工室2,RT,10,ML-2,MCCB01,なし,3,200,3.0,100,SDT-01,11,,,3.0,,,,,,,,
903.0,1-1,1.0,ｿﾘｯﾄﾞ工具加工室2,RT,10,ML-2,MCCB01,なし,4,200,3.0,75,予備,なし,,,3.0,,,,,,,,
904.0,1-1,1.0,ｿﾘｯﾄﾞ工具加工室2,RT,10,ML-2,MCCB01,なし,5,200,3.0,75,GAE-1,11,,,3.0,,,,,,,,
905.0,1-1,1.0,ｿﾘｯﾄﾞ工具加工室2,RT,10,ML-2,MCCB01,なし,6,200,3.0,50,湿式ﾌﾞﾗｽﾄ,5.5,,,3.0,,,,,,,,
906.0,1-1,1.0,ｿﾘｯﾄﾞ工具加工室2,RT,10,ML-2,MCCB01,なし,7,200,3.0,10,GAE-1ﾎﾟﾝﾌﾟ,3.5,,,3.0,,,,,,,,
907.0,1-1,1.0,ｿﾘｯﾄﾞ工具加工室2,RT,10,ML-2,MCCB01,なし,8,200,3.0,10,SAC5-6ｵｲﾙｺﾝ電源,3,,,3.0,,,,,,,,
908.0,1-1,1.0,ｿﾘｯﾄﾞ工具加工室2,RT,10,ML-2,MCCB01,なし,9,200,3.0,10,FAN,3,,,3.0,,,,,,,,
909.0,1-1,1.0,ｿﾘｯﾄﾞ工具加工室2,RT,10,ML-2,MCCB01,あり,10,200,3.0,100,空調室外機,12.5,,,3.0,,,,,,,,
910.0,1-1,1.0,ｿﾘｯﾄﾞ工具加工室2,RT,10,ML-2,MCCB01,あり,11,200,3.0,75,空調室内機北,5,,,3.0,,,,,,,,
911.0,1-1,1.0,ｿﾘｯﾄﾞ工具加工室2,RT,10,ML-2,MCCB01,あり,12,200,3.0,75,空調室内機南,5,,,3.0,,,,,,,,
912.0,1-1,1.0,ｿﾘｯﾄﾞ工具加工室2,RT,10,ML-2,MCCB01,なし,13,200,3.0,20,148P4動力ｺﾝｾﾝﾄ,4,,,3.0,,,,,,,,
913.0,1-1,1.0,ｿﾘｯﾄﾞ工具加工室2,RT,10,ML-2,MCCB01,なし,14,200,3.0,75,GAE-3,10.5,,,3.0,,,,,,,,
914.0,1-1,1.0,ｿﾘｯﾄﾞ工具加工室2,RT,10,ML-2,MCCB01,なし,15,200,3.0,10,砥石成型機ﾐｽﾄﾚｰｻｰ,3.5,,,3.0,,,,,,,,
915.0,1-1,1.0,ｿﾘｯﾄﾞ工具加工室2,RT,10,ML-2,MCCB01,なし,16,200,3.0,30,動力ｺﾝｾﾝﾄ ｼｷﾞﾔ3,3.5,,,3.0,,,,,,,,
916.0,1-1,1.0,ｿﾘｯﾄﾞ工具加工室2,RT,10,ML-2,MCCB01,なし,17,200,3.0,20,屋外集塵機,4,,,3.0,,,,,,,,
917.0,1-1,1.0,ｿﾘｯﾄﾞ工具加工室2,RT,10,ML-2,MCCB01,なし,18,200,3.0,20,屋外排気ﾌｧﾝ,4,,,3.0,,,,,,,,
918.0,1-1,1.0,ｿﾘｯﾄﾞ工具加工室2,RT,10,ML-2,MCCB01,なし,,200,3.0,50,加工室天吊空調機室外機,9,,,3.0,,,,,,,,
919.0,1-1,1.0,ｿﾘｯﾄﾞ工具加工室2,RT,10,ML-2,MCCB01,なし,,200,1.0,15,加工室天吊空調機室内機,3,,,2.0,,,,,,,,
920.0,1-1,1.0,ｿﾘｯﾄﾞ工具加工室2,RT,10,ML-2,MCCB02,なし,,200,3.0,20,洗浄機1,4.5,,,3.0,,,,,,,,
921.0,1-1,1.0,ｿﾘｯﾄﾞ工具加工室2,RT,10,ML-2,MCCB02,なし,,200,3.0,20,洗浄機2,4.5,,,3.0,,,,,,,,
922.0,1-1,1.0,ｿﾘｯﾄﾞ工具加工室2,RT,10,ML-2,MCCB02,なし,11,100/200,1.0,100,主幹,9,単相3線式,1.0,2.0,KM-NCT-100A,3220.0,1.0,3220.0,,,,
923.0,1-1,1.0,ｿﾘｯﾄﾞ工具加工室2,RT,10,ML-2,MCCB02,なし,11,200,1.0,15,照明,3,,,2.0,,,,,,,,
924.0,1-1,1.0,ｿﾘｯﾄﾞ工具加工室2,RT,10,ML-2,MCCB02,なし,12,100,1.0,15,非常照明,3,,,2.0,,,,,,,,
925.0,1-1,1.0,ｿﾘｯﾄﾞ工具加工室2,RT,10,ML-2,MCCB02,なし,13,100,1.0,15,ｺﾝｾﾝﾄ西,3,,,2.0,,,,,,,,
926.0,1-1,1.0,ｿﾘｯﾄﾞ工具加工室2,RT,10,ML-2,MCCB02,なし,14,100,1.0,20,ｺﾝｾﾝﾄ北,3.5,,,2.0,,,,,,,,
927.0,1-1,1.0,ｿﾘｯﾄﾞ工具加工室2,RT,10,ML-2,MCCB02,なし,15,100,1.0,20,ｺﾝｾﾝﾄ中,3.5,,,2.0,,,,,,,,
928.0,1-1,1.0,ｿﾘｯﾄﾞ工具加工室2,RT,10,ML-2,MCCB02,なし,16,100,1.0,20,ｺﾝｾﾝﾄ東,3.5,,,2.0,,,,,,,,
929.0,1-1,1.0,ｿﾘｯﾄﾞ工具加工室2,RT,10,ML-2,MCCB02,なし,17,100,1.0,20,ｺﾝｾﾝﾄ17,3.5,,,2.0,,,,,,,,
930.0,1-1,1.0,ｿﾘｯﾄﾞ工具加工室2,RT,10,ML-2,MCCB02,なし,18,100,1.0,20,ｺﾝｾﾝﾄ18,3.5,,,2.0,,,,,,,,
931.0,1-1,1.0,ｿﾘｯﾄﾞ工具加工室2,RT,10,ML-2,MCCB02,なし,19,100,1.0,20,空き,なし,,,2.0,,,,,,,,
932.0,1-1,1.0,ｿﾘｯﾄﾞ工具加工室2,RT,10,ML-2,MCCB02,なし,20,100,1.0,20,空き,なし,,,2.0,,,,,,,,
933.0,1-1,1.0,ｿﾘｯﾄﾞ工具加工室2,RT,10,ML-2,MCCB02,なし,21,100,1.0,20,空き,なし,,,2.0,,,,,,,,
934.0,1-1,1.0,ｿﾘｯﾄﾞ工具加工室2,RT,10,ML-2,MCCB02,なし,22,100,1.0,20,空き,なし,,,2.0,,,,,,,,
874.0,1-1,1.0,ｿﾘｯﾄﾞ工具加工室2,RT,9,ML-30,1-1D電気室,なし,,200,3.0,225,主幹,15.5,,1.0,3.0,KM-NCT-225A,3900.0,2.0,7800.0,,,,
875.0,1-1,1.0,ｿﾘｯﾄﾞ工具加工室2,RT,9,ML-30,1-1D電気室,なし,,200,3.0,125,SAACKE5変圧器,15,,,3.0,,,,,,,,
876.0,1-1,1.0,ｿﾘｯﾄﾞ工具加工室2,RT,9,ML-30,1-1D電気室,なし,,200,3.0,60,加工室2東側空調機(日立4台分),9,,,3.0,,,,,,,,
877.0,1-1,1.0,ｿﾘｯﾄﾞ工具加工室2,RT,9,ML-30,1-1D電気室,なし,,200,3.0,60,加工室2東側空調機(日立4台分),3,,,3.0,,,,,,,,
878.0,1-1,1.0,ｿﾘｯﾄﾞ工具加工室2,RT,9,ML-30,1-1D電気室,なし,,200,3.0,60,629XS用ｸｰﾗﾝﾄ装置制御盤,5.5,,,3.0,,,,,,,,
879.0,1-1,1.0,ｿﾘｯﾄﾞ工具加工室2,RT,9,ML-30,1-1D電気室,なし,,200,3.0,100,ﾌｨﾙﾀｰﾎﾟﾝﾌﾟﾕﾆｯﾄ,15,,,3.0,,,,,,,,
880.0,1-1,1.0,ｿﾘｯﾄﾞ工具加工室2,RT,9,ML-30,1-1D電気室,なし,,200,3.0,60,629XS用変圧器,9,,,3.0,,,,,,,,
881.0,1-1,1.0,ｿﾘｯﾄﾞ工具加工室2,RT,9,ML-30,1-1D電気室,なし,,200,1.0,30,SAACKEﾀﾝｸｼｮﾝﾎﾟﾝﾌﾟ自動消火ｼｽﾃﾑ,3,,,2.0,,,,,,,,
882.0,1-1,1.0,ｿﾘｯﾄﾞ工具加工室2,RT,9,ML-30,1-1D電気室,なし,,200,3.0,15,"SAACKE5,6ﾐｽﾄﾚｰｻ 中間ﾀﾝｸﾎﾟﾝﾌﾟ",3,,,3.0,,,,,,,,
883.0,1-1,1.0,ｿﾘｯﾄﾞ工具加工室2,RT,9,ML-30,1-1D電気室,なし,,200,3.0,15,"SAACKE5,6ﾐｽﾄﾚｰｻ 中間ﾀﾝｸﾎﾟﾝﾌﾟ",3,,,3.0,,,,,,,,
884.0,1-1,1.0,ｿﾘｯﾄﾞ工具加工室2,RT,9,ML-30,1-1D電気室,なし,,100/200,1.0,125,主幹,10.5,単相3線式,1.0,2.0,KM-NCT-225A,3900.0,1.0,3900.0,,,,
885.0,1-1,1.0,ｿﾘｯﾄﾞ工具加工室2,RT,9,ML-30,1-1D電気室,なし,,100,1.0,20,ｺﾝｾﾝﾄ1,3.5,,,2.0,,,,,,,,
886.0,1-1,1.0,ｿﾘｯﾄﾞ工具加工室2,RT,9,ML-30,1-1D電気室,なし,,100,1.0,20,ｺﾝｾﾝﾄ2,3.5,,,2.0,,,,,,,,
887.0,1-1,1.0,ｿﾘｯﾄﾞ工具加工室2,RT,9,ML-30,1-1D電気室,なし,,100,1.0,20,ｺﾝｾﾝﾄ3,3.5,,,2.0,,,,,,,,
888.0,1-1,1.0,ｿﾘｯﾄﾞ工具加工室2,RT,9,ML-30,1-1D電気室,なし,,100,1.0,20,ｺﾝｾﾝﾄ4,3.5,,,2.0,,,,,,,,
889.0,1-1,1.0,ｿﾘｯﾄﾞ工具加工室2,RT,9,ML-30,1-1D電気室,なし,,100,1.0,20,誘導灯,3.5,,,2.0,,,,,,,,
890.0,1-1,1.0,ｿﾘｯﾄﾞ工具加工室2,RT,9,ML-30,1-1D電気室,なし,,100,1.0,20,非常灯,3.5,,,2.0,,,,,,,,
891.0,1-1,1.0,ｿﾘｯﾄﾞ工具加工室2,RT,9,ML-30,1-1D電気室,なし,,100,1.0,20,ｺﾝｾﾝﾄ5,3.5,,,2.0,,,,,,,,
892.0,1-1,1.0,ｿﾘｯﾄﾞ工具加工室2,RT,9,ML-30,1-1D電気室,なし,,100,1.0,20,換気扇,3.5,,,2.0,,,,,,,,
893.0,1-1,1.0,ｿﾘｯﾄﾞ工具加工室2,RT,9,ML-30,1-1D電気室,なし,,200,1.0,20,照明,3.5,,,2.0,,,,,,,,
894.0,1-1,1.0,ｿﾘｯﾄﾞ工具加工室2,RT,9,ML-30,1-1D電気室,なし,,200,1.0,20,照明,3.5,,,2.0,,,,,,,,
895.0,1-1,1.0,ｿﾘｯﾄﾞ工具加工室2,RT,9,ML-30,1-1D電気室,なし,,200,1.0,20,照明,3.5,,,2.0,,,,,,,,
896.0,1-1,1.0,ｿﾘｯﾄﾞ工具加工室2,RT,9,ML-30,1-1D電気室,なし,,200,1.0,20,空き,3.5,,,2.0,,,,,,,,
897.0,1-1,1.0,ｿﾘｯﾄﾞ工具加工室2,RT,9,ML-30,1-1D電気室,なし,,100,1.0,20,ｺﾝｾﾝﾄ6,3.5,,,2.0,,,,,,,,
759.0,3-3,4.0,KCCS事務所,,,ML33-4A,,あり,,100,1.0,100,工具事務所電灯分電盤,8,交流単相3線式,1.0,2.0,KM-NCT-100A,3220.0,1.0,3220.0,,,,
578.0,3-3,2.0,空調機･梱包材室,CBN,9~13,PAC-1,,なし,,200,3.0,100,PAC-1空調機,12,,1.0,3.0,KM-NCT-100A,3220.0,2.0,6440.0,,,,
965.0,1-1,1.0,ｿﾘｯﾄﾞ工具加工室3,RT,30,SE-3 A盤,,なし,NFB-M,200,3.0,300,主幹,20,,1.0,3.0,KM-NCT-400A,5200.0,2.0,10400.0,,,,
966.0,1-1,1.0,ｿﾘｯﾄﾞ工具加工室3,RT,30,SE-3 A盤,,なし,NFB1,200,3.0,100,ﾘﾌﾛｰ炉,なし,,,3.0,,,,,,,,
967.0,1-1,1.0,ｿﾘｯﾄﾞ工具加工室3,RT,30,SE-3 A盤,,なし,NFB2,200,3.0,75,架橋炉,なし,,,3.0,,,,,,,,
968.0,1-1,1.0,ｿﾘｯﾄﾞ工具加工室3,RT,30,SE-3 A盤,,なし,,200,3.0,20,予備(不明),3.5,接続有だが負荷先不明,,3.0,,,,,,,,
969.0,1-1,1.0,ｿﾘｯﾄﾞ工具加工室3,RT,30,SE-3 A盤,,なし,NFB4,200,1.0,30,ﾍﾘﾁｪｯｸﾌﾟﾗｽ電源,4,,,2.0,,,,,,,,
970.0,1-1,1.0,ｿﾘｯﾄﾞ工具加工室3,RT,30,SE-3 A盤,,なし,NFB5,200,3.0,20,予備(不明),3.5,接続有だが負荷先不明,,3.0,,,,,,,,
971.0,1-1,1.0,ｿﾘｯﾄﾞ工具加工室3,RT,30,SE-3 A盤,,なし,,200,1.0,15,ｿﾘｯﾄﾞ工具QA検査室空調室内機,3,,,2.0,,,,,,,,
972.0,1-1,1.0,ｿﾘｯﾄﾞ工具加工室3,RT,30,SE-3 A盤,,なし,NFB7,200,3.0,30,局排ﾌｧﾝ,5,,,3.0,,,,,,,,
973.0,1-1,1.0,ｿﾘｯﾄﾞ工具加工室3,RT,30,SE-3 A盤,,なし,NFB8,200,3.0,30,洗浄機,4,,,3.0,,,,,,,,
974.0,1-1,1.0,ｿﾘｯﾄﾞ工具加工室3,RT,30,SE-3 A盤,,なし,,200,1.0,60,RPJ2,5,,,2.0,,,,,,,,
975.0,1-1,1.0,ｿﾘｯﾄﾞ工具加工室3,RT,30,SE-3 A盤,,なし,,200,3.0,60,LMK-DA,5,,,3.0,,,,,,,,
976.0,1-1,1.0,ｿﾘｯﾄﾞ工具加工室3,RT,30,SE-3 A盤,,なし,,200,3.0,50,ｿﾘｯﾄﾞ工具QA検査室空調室外機,9,,,3.0,,,,,,,,
977.0,1-1,1.0,ｿﾘｯﾄﾞ工具加工室3,RT,30,SE-3 A盤,,なし,,200,3.0,60,自動梱包機,9,,,3.0,,,,,,,,
978.0,1-1,1.0,ｿﾘｯﾄﾞ工具加工室3,RT,30,SE-3 A盤,,なし,,200,3.0,50,ｿﾘｯﾄﾞ工具加工室3空調室外機,9,,,3.0,,,,,,,,
979.0,1-1,1.0,ｿﾘｯﾄﾞ工具加工室3,RT,30,SE-3 A盤,,なし,,200,3.0,15,ｿﾘｯﾄﾞ工具加工室3空調室内機,3,,,3.0,,,,,,,,
955.0,1-1,1.0,ｿﾘｯﾄﾞ工具加工室3,RT,29,SE-3 B盤,,なし,NFB-M,200,3.0,300,主幹,22,,1.0,3.0,KM-NCT-400A,5200.0,2.0,10400.0,,,,
956.0,1-1,1.0,ｿﾘｯﾄﾞ工具加工室3,RT,29,SE-3 B盤,,なし,,200,3.0,150,SAACKE6号機変圧器盤,14,,,3.0,,,,,,,,
957.0,1-1,1.0,ｿﾘｯﾄﾞ工具加工室3,RT,29,SE-3 B盤,,なし,,200,3.0,20,SAACKE6号機ﾐｽﾄﾚｰｻｰ,3,,,3.0,,,,,,,,
958.0,1-1,1.0,ｿﾘｯﾄﾞ工具加工室3,RT,29,SE-3 B盤,,なし,,200,3.0,20,SAACKE6号機自動消火ｼｽﾃﾑ,3,,,3.0,,,,,,,,
959.0,1-1,1.0,ｿﾘｯﾄﾞ工具加工室3,RT,29,SE-3 B盤,,あり,,200,3.0,100,HCﾜﾝｻｲｸﾙ真空洗浄機,9,,,3.0,,,,,,,,
960.0,1-1,1.0,ｿﾘｯﾄﾞ工具加工室3,RT,29,SE-3 B盤,,なし,,200,3.0,50,,なし,,,3.0,,,,,,,,
961.0,1-1,1.0,ｿﾘｯﾄﾞ工具加工室3,RT,29,SE-3 B盤,,なし,,200,3.0,20,SLD-10R,5,,,3.0,,,,,,,,
962.0,1-1,1.0,ｿﾘｯﾄﾞ工具加工室3,RT,29,SE-3 B盤,,なし,,200,3.0,15,ｺﾝﾌﾟﾚｯｻｰ用給気ﾌｧﾝ,3.5,,,3.0,,,,,,,,
963.0,1-1,1.0,ｿﾘｯﾄﾞ工具加工室3,RT,29,SE-3 B盤,,なし,,200,3.0,15,ｺﾝﾌﾟﾚｯｻｰ用排気ﾌｧﾝ,3.5,,,3.0,,,,,,,,
964.0,1-1,1.0,ｿﾘｯﾄﾞ工具加工室3,RT,29,SE-3 B盤,,あり,,200,3.0,150,22kWｺﾝﾌﾟﾚｯｻｰ,15,,,3.0,,,,,,,,
,3-3,2.0,CBN加工室,CBN,9~13,ﾀﾞｸﾄﾌｧﾝ操作盤,,,,200,3.0,600,主幹？,25,,1.0,3.0,KM-NCT-600A,5200.0,2.0,10400.0,,,,
564.0,3-3,2.0,CBN加工室,CBN,9~13,ﾀﾞｸﾄﾌｧﾝ操作盤,,なし,,200,3.0,15,No1,3,未使用?,,3.0,,,,,,,,
565.0,3-3,2.0,CBN加工室,CBN,9~13,ﾀﾞｸﾄﾌｧﾝ操作盤,,なし,,200,3.0,15,No2,3,未使用?,,3.0,,,,,,,,
566.0,3-3,2.0,CBN加工室,CBN,9~13,ﾀﾞｸﾄﾌｧﾝ操作盤,,なし,,200,3.0,10,No3,3,未使用?,,3.0,,,,,,,,
567.0,3-3,2.0,CBN加工室,CBN,9~13,ﾀﾞｸﾄﾌｧﾝ操作盤,,なし,,200,1.0,3,操作電源,3,未使用?,,2.0,,,,,,,,
132.0,3-3,1.0,ﾎﾙﾀﾞ回転加工室,ﾎﾙﾀﾞ,,ﾌｧﾝ制御盤,M33-1I,あり,ELB-1,200,3.0,20,給気ﾌｧﾝ(1),3.2,,,3.0,,,,,,,,
133.0,3-3,1.0,ﾎﾙﾀﾞ回転加工室,ﾎﾙﾀﾞ,,ﾌｧﾝ制御盤,M33-1I,あり,ELB-2,200,3.0,20,給気ﾌｧﾝ(2),3.2,,,3.0,,,,,,,,
134.0,3-3,1.0,ﾎﾙﾀﾞ回転加工室,ﾎﾙﾀﾞ,,ﾌｧﾝ制御盤,M33-1I,あり,ELB-1,200,3.0,20,排気ﾌｧﾝ(1),3.2,,,3.0,,,,,,,,
135.0,3-3,1.0,ﾎﾙﾀﾞ回転加工室,ﾎﾙﾀﾞ,,ﾌｧﾝ制御盤,M33-1I,あり,ELB-2,200,3.0,20,排気ﾌｧﾝ(2),3.2,,,3.0,,,,,,,,
99.0,3-3,1.0,ﾎﾙﾀﾞ測定室,ﾎﾙﾀﾞ,,ﾎﾙﾀﾞ測定室分電盤,M33-1W,あり,,200,3.0,50,なし,4,OFF,,3.0,,,,,,,,
100.0,3-3,1.0,ﾎﾙﾀﾞ測定室,ﾎﾙﾀﾞ,,ﾎﾙﾀﾞ測定室分電盤,M33-1W,あり,,200,1.0,30,なし,4,,,2.0,,,,,,,,
101.0,3-3,1.0,ﾎﾙﾀﾞ測定室,ﾎﾙﾀﾞ,,ﾎﾙﾀﾞ測定室分電盤,M33-1W,あり,,100,1.0,20,なし,3.5,,,2.0,,,,,,,,
1018.0,1-1,1.0,ｿﾘｯﾄﾞ工具加工室3,RT,33,ﾚｰｽｳｪｲ分電盤,,なし,,100/200,1.0,100,主幹,13,単相3線式,1.0,2.0,KM-NCT-100A,3220.0,1.0,3220.0,,,,
1019.0,1-1,1.0,ｿﾘｯﾄﾞ工具加工室3,RT,33,ﾚｰｽｳｪｲ分電盤,,なし,北1,100,1.0,20,不明,3.5,,,2.0,,,,,,,,
1020.0,1-1,1.0,ｿﾘｯﾄﾞ工具加工室3,RT,33,ﾚｰｽｳｪｲ分電盤,,なし,北2,100,1.0,20,OFF,OFF,,,2.0,,,,,,,,
1021.0,1-1,1.0,ｿﾘｯﾄﾞ工具加工室3,RT,33,ﾚｰｽｳｪｲ分電盤,,なし,北3,100,1.0,20,OFF,OFF,,,2.0,,,,,,,,
1022.0,1-1,1.0,ｿﾘｯﾄﾞ工具加工室3,RT,33,ﾚｰｽｳｪｲ分電盤,,なし,北4,100,1.0,20,OFF,OFF,,,2.0,,,,,,,,
1023.0,1-1,1.0,ｿﾘｯﾄﾞ工具加工室3,RT,33,ﾚｰｽｳｪｲ分電盤,,なし,南1,100,1.0,20,不明,3.5,,,2.0,,,,,,,,
1024.0,1-1,1.0,ｿﾘｯﾄﾞ工具加工室3,RT,33,ﾚｰｽｳｪｲ分電盤,,なし,南2,100,1.0,20,OFF,OFF,,,2.0,,,,,,,,
1025.0,1-1,1.0,ｿﾘｯﾄﾞ工具加工室3,RT,33,ﾚｰｽｳｪｲ分電盤,,なし,南3,100,1.0,20,OFF,OFF,,,2.0,,,,,,,,
1026.0,1-1,1.0,ｿﾘｯﾄﾞ工具加工室3,RT,33,ﾚｰｽｳｪｲ分電盤,,なし,南4,100,1.0,20,OFF,OFF,,,2.0,,,,,,,,
1027.0,1-1,1.0,ｿﾘｯﾄﾞ工具加工室3,RT,33,ﾚｰｽｳｪｲ分電盤,,なし,南5,100,1.0,20,不明,3.5,,,2.0,,,,,,,,
1028.0,1-1,1.0,ｿﾘｯﾄﾞ工具加工室3,RT,33,ﾚｰｽｳｪｲ分電盤,,なし,西1,100,1.0,20,不明,3.5,,,2.0,,,,,,,,
1029.0,1-1,1.0,ｿﾘｯﾄﾞ工具加工室3,RT,33,ﾚｰｽｳｪｲ分電盤,,なし,西2,100,1.0,20,不明,3.5,,,2.0,,,,,,,,
1030.0,1-1,1.0,ｿﾘｯﾄﾞ工具加工室3,RT,33,ﾚｰｽｳｪｲ分電盤,,なし,西3,100,1.0,20,不明,3.5,,,2.0,,,,,,,,
1031.0,1-1,1.0,ｿﾘｯﾄﾞ工具加工室3,RT,33,ﾚｰｽｳｪｲ分電盤,,なし,西4,100,1.0,20,不明,3.5,,,2.0,,,,,,,,
1032.0,1-1,1.0,ｿﾘｯﾄﾞ工具加工室3,RT,33,ﾚｰｽｳｪｲ分電盤,,なし,西5,100,1.0,20,不明,3.5,,,2.0,,,,,,,,
1033.0,1-1,1.0,ｿﾘｯﾄﾞ工具加工室3,RT,33,ﾚｰｽｳｪｲ分電盤,,なし,西6,100,1.0,20,不明,3.5,,,2.0,,,,,,,,
1034.0,1-1,1.0,ｿﾘｯﾄﾞ工具加工室3,RT,33,ﾚｰｽｳｪｲ分電盤,,なし,西7,100,1.0,20,不明,3.5,,,2.0,,,,,,,,
1035.0,1-1,1.0,ｿﾘｯﾄﾞ工具加工室3,RT,33,ﾚｰｽｳｪｲ分電盤,,なし,東側壁面1,100,1.0,20,在庫室右奥側壁ｺﾝｾﾝﾄ,3.5,,,2.0,,,,,,,,
1036.0,1-1,1.0,ｿﾘｯﾄﾞ工具加工室3,RT,33,ﾚｰｽｳｪｲ分電盤,,なし,東側壁面2,100,1.0,20,在庫室右側壁ｺﾝｾﾝﾄ,3.5,,,2.0,,,,,,,,
1037.0,1-1,1.0,ｿﾘｯﾄﾞ工具加工室3,RT,33,ﾚｰｽｳｪｲ分電盤,,なし,東側壁面3,100,1.0,20,不明,3.5,,,2.0,,,,,,,,
1038.0,1-1,1.0,ｿﾘｯﾄﾞ工具加工室3,RT,33,ﾚｰｽｳｪｲ分電盤,,なし,東側壁面4,100,1.0,20,不明,3.5,,,2.0,,,,,,,,
1039.0,1-1,1.0,ｿﾘｯﾄﾞ工具加工室3,RT,33,ﾚｰｽｳｪｲ分電盤,,なし,東側壁面5,100,1.0,20,不明,3.5,,,2.0,,,,,,,,
1040.0,1-1,1.0,ｿﾘｯﾄﾞ工具加工室3,RT,33,ﾚｰｽｳｪｲ分電盤,,なし,,100,1.0,20,OFF,なし,,,2.0,,,,,,,,
568.0,3-3,2.0,CBN加工室,CBN,9~13,ﾜｲﾔｰ加工電源盤,,なし,,200,3.0,250,主幹,20,,1.0,3.0,KM-NCT-400A,5200.0,2.0,10400.0,,,,
569.0,3-3,2.0,CBN加工室,CBN,9~13,ﾜｲﾔｰ加工電源盤,,なし,,200,3.0,50,FANUC2号機,6,,,3.0,,,,,,,,
570.0,3-3,2.0,CBN加工室,CBN,9~13,ﾜｲﾔｰ加工電源盤,,なし,,200,3.0,50,FANUC3号機,6,,,3.0,,,,,,,,
571.0,3-3,2.0,CBN加工室,CBN,9~13,ﾜｲﾔｰ加工電源盤,,なし,,200,3.0,50,FANUC4号機,6,,,3.0,,,,,,,,
572.0,3-3,2.0,CBN加工室,CBN,9~13,ﾜｲﾔｰ加工電源盤,,なし,,200,3.0,50,ﾀﾞｲﾔ研削盤,6,,,3.0,,,,,,,,
573.0,3-3,2.0,CBN加工室,CBN,9~13,ﾜｲﾔｰ加工電源盤,,なし,,200,3.0,30,C-40万研-2,6,,,3.0,,,,,,,,
574.0,3-3,2.0,CBN加工室,CBN,9~13,ﾜｲﾔｰ加工電源盤,,なし,,200,3.0,50,ﾚｰｻﾞｰﾗｲﾝ,6,,,3.0,,,,,,,,
575.0,3-3,2.0,CBN加工室,CBN,9~13,ﾜｲﾔｰ加工電源盤,,なし,,200,3.0,10,C面機,6,,,3.0,,,,,,,,
576.0,3-3,2.0,CBN加工室,CBN,9~13,ﾜｲﾔｰ加工電源盤,,なし,,200,3.0,20,ﾀﾞｲﾔﾌｫｰﾏｰ,6,,,3.0,,,,,,,,
898.0,1-1,1.0,ｿﾘｯﾄﾞ工具加工室2,RT,,局所排気制御盤,M-1盤210,なし,,200,3.0,40,局所排気装置,3.5,,,3.0,,,,,,,,
541.0,3-3,2.0,CBN加工室,CBN,9~13,局所排気設備制御盤,局所排気設備制御盤電源盤,なし,,200,3.0,125,主幹,12,,1.0,3.0,KM-NCT-225A,3900.0,2.0,7800.0,,,,
542.0,3-3,2.0,CBN加工室,CBN,9~13,局所排気設備制御盤,局所排気設備制御盤電源盤,なし,,200,3.0,75,排気ﾌｧﾝ,6.5,,,3.0,,,,,,,,
543.0,3-3,2.0,CBN加工室,CBN,9~13,局所排気設備制御盤,局所排気設備制御盤電源盤,なし,,200,3.0,40,集塵機,4,,,3.0,,,,,,,,
544.0,3-3,2.0,CBN加工室,CBN,9~13,局所排気設備制御盤,局所排気設備制御盤電源盤,なし,,200,3.0,20,1系統ﾐｽﾄｺﾚｸﾀ,3.5,,,3.0,,,,,,,,
545.0,3-3,2.0,CBN加工室,CBN,9~13,局所排気設備制御盤,局所排気設備制御盤電源盤,なし,,200,3.0,20,2系統ﾐｽﾄｺﾚｸﾀ,3.5,,,3.0,,,,,,,,
546.0,3-3,2.0,CBN加工室,CBN,9~13,局所排気設備制御盤,局所排気設備制御盤電源盤,なし,,200,3.0,15,3系統ﾐｽﾄｺﾚｸﾀ,3.5,,,3.0,,,,,,,,
547.0,3-3,2.0,CBN加工室,CBN,9~13,局所排気設備制御盤,局所排気設備制御盤電源盤,なし,,200,3.0,20,4系統ﾐｽﾄｺﾚｸﾀ,3.5,,,3.0,,,,,,,,
548.0,3-3,2.0,CBN加工室,CBN,9~13,局所排気設備制御盤,局所排気設備制御盤電源盤,なし,,200,3.0,20,5系統ﾐｽﾄｺﾚｸﾀ,3.5,,,3.0,,,,,,,,
549.0,3-3,2.0,CBN加工室,CBN,9~13,局所排気設備制御盤,局所排気設備制御盤電源盤,なし,,200,1.0,3,ｺﾝｾﾝﾄ1次,3,,,2.0,,,,,,,,
550.0,3-3,2.0,CBN加工室,CBN,9~13,局所排気設備制御盤,局所排気設備制御盤電源盤,なし,,100,1.0,3,ｺﾝｾﾝﾄ電源,3,,,2.0,,,,,,,,
551.0,3-3,2.0,CBN加工室,CBN,9~13,局所排気設備制御盤,局所排気設備制御盤電源盤,なし,,200,1.0,10,操作電源,3,,,2.0,,,,,,,,
552.0,3-3,2.0,CBN加工室,CBN,9~13,局所排気設備制御盤,局所排気設備制御盤電源盤,なし,,200,3.0,15,A105,3,,,3.0,,,,,,,,
553.0,3-3,2.0,CBN加工室,CBN,9~13,局所排気設備制御盤,局所排気設備制御盤電源盤,なし,,200,3.0,15,C-40万研-2,3,,,3.0,,,,,,,,
554.0,3-3,2.0,CBN加工室,CBN,9~13,局所排気設備制御盤,局所排気設備制御盤電源盤,なし,,200,3.0,15,RS09,3,,,3.0,,,,,,,,
555.0,3-3,2.0,CBN加工室,CBN,9~13,局所排気設備制御盤,局所排気設備制御盤電源盤,なし,,200,3.0,15,STA-003,3,,,3.0,,,,,,,,
556.0,3-3,2.0,CBN加工室,CBN,9~13,局所排気設備制御盤,局所排気設備制御盤電源盤,なし,,200,3.0,15,FLEX,3,,,3.0,,,,,,,,
557.0,3-3,2.0,CBN加工室,CBN,9~13,局所排気設備制御盤,局所排気設備制御盤電源盤,なし,,200,3.0,15,BR21,3,,,3.0,,,,,,,,
558.0,3-3,2.0,CBN加工室,CBN,9~13,局所排気設備制御盤,局所排気設備制御盤電源盤,なし,,200,3.0,15,自動C面機#2/#3,3,,,3.0,,,,,,,,
559.0,3-3,2.0,CBN加工室,CBN,9~13,局所排気設備制御盤,局所排気設備制御盤電源盤,なし,,200,3.0,15,AP460#3,3,,,3.0,,,,,,,,
560.0,3-3,2.0,CBN加工室,CBN,9~13,局所排気設備制御盤,局所排気設備制御盤電源盤,なし,,200,3.0,15,なし,3,未使用,,3.0,,,,,,,,
561.0,3-3,2.0,CBN加工室,CBN,9~13,局所排気設備制御盤,局所排気設備制御盤電源盤,なし,,200,3.0,15,なし,3,未使用,,3.0,,,,,,,,
562.0,3-3,2.0,CBN加工室,CBN,9~13,局所排気設備制御盤,局所排気設備制御盤電源盤,なし,,200,3.0,15,ADG400,3,,,3.0,,,,,,,,
563.0,3-3,2.0,CBN加工室,CBN,9~13,局所排気設備制御盤,局所排気設備制御盤電源盤,なし,,200,3.0,15,FS35SA,3,,,3.0,,,,,,,,
540.0,3-3,2.0,CBN加工室,CBN,9~13,局所排気設備制御盤電源盤,,なし,,200,3.0,125,局所排気設備制御盤行,12,,1.0,3.0,KM-NCT-225A,3900.0,2.0,7800.0,,,,
779.0,1-1,1.0,ｿﾘｯﾄﾞ工具加工室1,RT,,局所排気装置動力盤,ML-2盤下部18,なし,,200,3.0,15,局所排気装置,3,,,3.0,,,,,,,,
186.0,3-3,1.0,ﾎﾙﾀﾞ特注加工室,ﾎﾙﾀﾞ,32,空調ｴｱﾊﾝ運転盤,M33-1K-1,あり,,200,3.0,15,NFB,3,,,3.0,,,,,,,,
187.0,3-3,1.0,ﾎﾙﾀﾞ特注加工室,ﾎﾙﾀﾞ,32,空調ｴｱﾊﾝ運転盤,M33-1K-1,あり,,200,1.0,3,CP,3,,,2.0,,,,,,,,
,,,ｿﾘｯﾄﾞ工具加工室1,RT,2,空調動力盤,,,,200,3.0,600,主幹？,25,,1.0,3.0,KM-NCT-600A,5200.0,2.0,10400.0,,,,
780.0,1-1,1.0,ｿﾘｯﾄﾞ工具加工室1,RT,2,空調動力盤,環境試験室電源盤-③,なし,,200,3.0,50,未接続,なし,OFF,,3.0,,,,,,,,
781.0,1-1,1.0,ｿﾘｯﾄﾞ工具加工室1,RT,2,空調動力盤,環境試験室電源盤-③,なし,,200,3.0,50,未接続,なし,OFF,,3.0,,,,,,,,
782.0,1-1,1.0,ｿﾘｯﾄﾞ工具加工室1,RT,2,空調動力盤,環境試験室電源盤-③,なし,,200,3.0,50,未接続,なし,OFF,,3.0,,,,,,,,
783.0,1-1,1.0,ｿﾘｯﾄﾞ工具加工室1,RT,2,空調動力盤,環境試験室電源盤-③,なし,,200,3.0,50,未接続,なし,OFF,,3.0,,,,,,,,
188.0,3-3,1.0,ﾎﾙﾀﾞ旋削加工室,,29,工具1F動力M-1(左),,あり,MCB1,200,3.0,1000,M33-1J-1(1)主幹,27,2本,,3.0,,,,,,,,
189.0,3-3,1.0,ﾎﾙﾀﾞ旋削加工室,,19,工具1F動力M-2(中),,あり,MCB2,200,3.0,1000,M33-1J-1(2)主幹,26,2本,,3.0,,,,,,,,
190.0,3-3,1.0,ﾎﾙﾀﾞ旋削加工室,,30,工具1F動力M-3(右),,あり,,200,3.0,250,なし,なし,OFF,,3.0,,,,,,,,
766.0,3-3,4.0,機械室(施錠)→屋上,,36,工具EHP→工具空調機動力盤,,あり,,200,3.0,ﾌﾞﾚｰｶなし,主幹,22,2本,,3.0,,,,,,,,
767.0,3-3,4.0,機械室(施錠)→屋上,,36,工具EHP→工具空調機動力盤,,あり,,200,3.0,60,MAC-1 2F事務所西側,9.4,,1.0,3.0,KM-NCT-100A,3220.0,2.0,6440.0,,,,
768.0,3-3,4.0,機械室(施錠)→屋上,,36,工具EHP→工具空調機動力盤,,あり,,200,3.0,75,MAC-2 2F事務所東側･CAD室,12.4,,1.0,3.0,KM-NCT-100A,3220.0,2.0,6440.0,,,,
769.0,3-3,4.0,機械室(施錠)→屋上,,36,工具EHP→工具空調機動力盤,,あり,,200,1.0,75,4F工具打合せ室空調室外機,4,,1.0,2.0,KM-NCT-100A,3220.0,1.0,3220.0,,,,
770.0,3-3,4.0,機械室(施錠)→屋上,,36,工具EHP→工具空調機動力盤,,あり,,200,3.0,100,MAC-4,なし,OFF,,3.0,,,,,,,,
771.0,3-3,4.0,機械室(施錠)→屋上,,36,工具EHP→工具空調機動力盤,,あり,,200,3.0,100,MAC-5,なし,OFF,,3.0,,,,,,,,
772.0,3-3,4.0,機械室(施錠)→屋上,,36,工具EHP→工具空調機動力盤,,あり,,200,3.0,100,MAC-6 1F実装室,12.7,,1.0,3.0,KM-NCT-100A,3220.0,2.0,6440.0,,,,
773.0,3-3,4.0,機械室(施錠)→屋上,,36,工具EHP→工具空調機動力盤,,あり,,200,3.0,175,なし(2F加工室･処理室系統?),15,,1.0,3.0,KM-NCT-225A,3900.0,2.0,7800.0,,,,
774.0,3-3,4.0,機械室(施錠)→屋上,,36,工具EHP→工具空調機動力盤,,あり,,200,3.0,100,MAC-3 出荷仕分け室･検査QA室･QA事務所,12.7,,1.0,3.0,KM-NCT-100A,3220.0,2.0,6440.0,,,,
825.0,1-1,1.0,ｿﾘｯﾄﾞ工具加工室1,RT,7,工具FAN制御盤,工具M-1盤 75A,なし,MCCB-1M,200,3.0,75,主幹,9,,1.0,3.0,KM-NCT-100A,3220.0,2.0,6440.0,,,,
826.0,1-1,1.0,ｿﾘｯﾄﾞ工具加工室1,RT,7,工具FAN制御盤,工具M-1盤 75A,なし,MCCB1,200,3.0,15,ｿﾘｯﾄﾞ工具加工室1排気ﾌｧﾝ,3.5,,,3.0,,,,,,,,
827.0,1-1,1.0,ｿﾘｯﾄﾞ工具加工室1,RT,7,工具FAN制御盤,工具M-1盤 75A,なし,MCCB2,200,3.0,15,ｿﾘｯﾄﾞ工具加工室1給気ﾌｧﾝ,3.5,,,3.0,,,,,,,,
828.0,1-1,1.0,ｿﾘｯﾄﾞ工具加工室1,RT,7,工具FAN制御盤,工具M-1盤 75A,なし,MCCB3,200,1.0,15,ｿﾘｯﾄﾞ工具加工室2排気ﾌｧﾝ,3.5,,,2.0,,,,,,,,
829.0,1-1,1.0,ｿﾘｯﾄﾞ工具加工室1,RT,7,工具FAN制御盤,工具M-1盤 75A,なし,MCCB4,200,3.0,15,ｿﾘｯﾄﾞ工具加工室2給気ﾌｧﾝ,3.5,,,3.0,,,,,,,,
830.0,1-1,1.0,ｿﾘｯﾄﾞ工具加工室1,RT,7,工具FAN制御盤,工具M-1盤 75A,なし,MCCB5,200,3.0,15,ｺﾝﾌﾟﾚｯｻｰ室排気ﾌｧﾝ,3.5,,,3.0,,,,,,,,
831.0,1-1,1.0,ｿﾘｯﾄﾞ工具加工室1,RT,7,工具FAN制御盤,工具M-1盤 75A,なし,MCCB6,200,3.0,15,ｺﾝﾌﾟﾚｯｻｰ室給気ﾌｧﾝ,3.5,,,3.0,,,,,,,,
832.0,1-1,1.0,ｿﾘｯﾄﾞ工具加工室1,RT,7,工具FAN制御盤,工具M-1盤 75A,なし,,200,1.0,10,ｵｲﾙﾀﾝｸ警報盤,3.5,,,2.0,,,,,,,,
833.0,1-1,1.0,ｿﾘｯﾄﾞ工具加工室1,RT,7,工具FAN制御盤,工具M-1盤 75A,なし,MCCB7,200,3.0,15,SAACKE1排気ﾌｧﾝ,3.5,,,3.0,,,,,,,,
834.0,1-1,1.0,ｿﾘｯﾄﾞ工具加工室1,RT,7,工具FAN制御盤,工具M-1盤 75A,なし,MCCB8,200,3.0,15,SAACKE2排気ﾌｧﾝ,3.5,,,3.0,,,,,,,,
835.0,1-1,1.0,ｿﾘｯﾄﾞ工具加工室1,RT,7,工具FAN制御盤,工具M-1盤 75A,なし,MCCB9,200,3.0,15,SAACKE7排気ﾌｧﾝ,3.5,,,3.0,,,,,,,,
836.0,1-1,1.0,ｿﾘｯﾄﾞ工具加工室1,RT,7,工具FAN制御盤,工具M-1盤 75A,なし,MCCB10,200,3.0,15,SAACKE4排気ﾌｧﾝ,3.5,,,3.0,,,,,,,,
837.0,1-1,1.0,ｿﾘｯﾄﾞ工具加工室1,RT,7,工具FAN制御盤,工具M-1盤 75A,なし,MCCB11,200,3.0,15,SAACKE5排気ﾌｧﾝ,3.5,,,3.0,,,,,,,,
838.0,1-1,1.0,ｿﾘｯﾄﾞ工具加工室1,RT,7,工具FAN制御盤,工具M-1盤 75A,なし,MCCB12,200,3.0,15,ﾀﾝｸ倉庫ﾌｧﾝ,3.5,,,3.0,,,,,,,,
839.0,1-1,1.0,ｿﾘｯﾄﾞ工具加工室1,RT,7,工具FAN制御盤,工具M-1盤 75A,なし,MCCB13,200,1.0,5,制御電源,3,,,2.0,,,,,,,,
840.0,1-1,1.0,ｿﾘｯﾄﾞ工具加工室1,RT,7,工具FAN制御盤,工具M-1盤 75A,なし,,200,3.0,15,新工具事務所給気ﾌｧﾝ,3,,,3.0,,,,,,,,
841.0,1-1,1.0,ｿﾘｯﾄﾞ工具加工室1,RT,7,工具FAN制御盤,工具M-1盤 75A,なし,,200,3.0,15,新工具事務所排気ﾌｧﾝ,3,,,3.0,,,,,,,,
842.0,1-1,1.0,ｿﾘｯﾄﾞ工具加工室1,RT,7,工具FAN制御盤,工具M-1盤 75A,なし,,200,3.0,50,新工具事務所空調室外機,5.5,,,3.0,,,,,,,,
843.0,1-1,1.0,ｿﾘｯﾄﾞ工具加工室1,RT,7,工具FAN制御盤,工具M-1盤 75A,なし,,200,3.0,4,湿式ﾌﾞﾗｽﾄ装置排気ﾌｧﾝ,3.5,,,3.0,,,,,,,,
844.0,1-1,1.0,ｿﾘｯﾄﾞ工具加工室1,RT,7,工具FAN制御盤,工具M-1盤 75A,なし,,200,3.0,4,湿式ﾌﾞﾗｽﾄ装置給気ﾌｧﾝ,3.5,,,3.0,,,,,,,,
853.0,1-1,1.0,ｿﾘｯﾄﾞ工具加工室1,RT,6,工具L-1,1-1 D S/S 100A,なし,1,100/200,1.0,100,主幹,16,単相3線式,1.0,2.0,KM-NCT-225A,3900.0,1.0,3900.0,,,,
854.0,1-1,1.0,ｿﾘｯﾄﾞ工具加工室1,RT,6,工具L-1,1-1 D S/S 100A,なし,1,200,1.0,20,ｿﾘｯﾄﾞ工具加工室1照明,3.5,,,2.0,,,,,,,,
855.0,1-1,1.0,ｿﾘｯﾄﾞ工具加工室1,RT,6,工具L-1,1-1 D S/S 100A,なし,2,200,1.0,20,ｿﾘｯﾄﾞ工具加工室2照明,3.5,,,2.0,,,,,,,,
856.0,1-1,1.0,ｿﾘｯﾄﾞ工具加工室1,RT,6,工具L-1,1-1 D S/S 100A,なし,3,200,1.0,20,未接続,3.5,,,2.0,,,,,,,,
857.0,1-1,1.0,ｿﾘｯﾄﾞ工具加工室1,RT,6,工具L-1,1-1 D S/S 100A,なし,4,200,1.0,20,工具濾過ﾀﾝｸ室照明,3.5,,,2.0,,,,,,,,
858.0,1-1,1.0,ｿﾘｯﾄﾞ工具加工室1,RT,6,工具L-1,1-1 D S/S 100A,なし,5,200,1.0,20,未接続,なし,,,2.0,,,,,,,,
859.0,1-1,1.0,ｿﾘｯﾄﾞ工具加工室1,RT,6,工具L-1,1-1 D S/S 100A,なし,6,200,1.0,20,南側外灯電源盤,3.5,,,2.0,,,,,,,,
860.0,1-1,1.0,ｿﾘｯﾄﾞ工具加工室1,RT,6,工具L-1,1-1 D S/S 100A,なし,7,100,1.0,20,加工室1机ｺﾝｾﾝﾄ1,3.5,,,2.0,,,,,,,,
861.0,1-1,1.0,ｿﾘｯﾄﾞ工具加工室1,RT,6,工具L-1,1-1 D S/S 100A,なし,8,100,1.0,20,加工室1机ｺﾝｾﾝﾄ2,3.5,,,2.0,,,,,,,,
862.0,1-1,1.0,ｿﾘｯﾄﾞ工具加工室1,RT,6,工具L-1,1-1 D S/S 100A,なし,9,100,1.0,20,加工室1ｺﾝｾﾝﾄ1,3.5,,,2.0,,,,,,,,
863.0,1-1,1.0,ｿﾘｯﾄﾞ工具加工室1,RT,6,工具L-1,1-1 D S/S 100A,なし,10,100,1.0,20,加工室1ｺﾝｾﾝﾄ2,3.5,,,2.0,,,,,,,,
864.0,1-1,1.0,ｿﾘｯﾄﾞ工具加工室1,RT,6,工具L-1,1-1 D S/S 100A,なし,11,100,1.0,20,加工室奥ﾄﾞﾚｽ機ｺﾝｾﾝﾄ,3.5,,,2.0,,,,,,,,
865.0,1-1,1.0,ｿﾘｯﾄﾞ工具加工室1,RT,6,工具L-1,1-1 D S/S 100A,なし,12,100,1.0,20,加工室1ｺﾝﾌﾟﾚｯｻｰ横ｺﾝｾﾝﾄ3,3.5,,,2.0,,,,,,,,
866.0,1-1,1.0,ｿﾘｯﾄﾞ工具加工室1,RT,6,工具L-1,1-1 D S/S 100A,なし,13,100,1.0,20,加工室1ｺﾝｾﾝﾄ3,3.5,,,2.0,,,,,,,,
867.0,1-1,1.0,ｿﾘｯﾄﾞ工具加工室1,RT,6,工具L-1,1-1 D S/S 100A,なし,14,100,1.0,20,加工室奥東西壁ｺﾝｾﾝﾄ,3.5,,,2.0,,,,,,,,
868.0,1-1,1.0,ｿﾘｯﾄﾞ工具加工室1,RT,6,工具L-1,1-1 D S/S 100A,なし,15,100,1.0,20,加工室2ｺﾝｾﾝﾄ4,3.5,,,2.0,,,,,,,,
869.0,1-1,1.0,ｿﾘｯﾄﾞ工具加工室1,RT,6,工具L-1,1-1 D S/S 100A,なし,16,100,1.0,20,加工室2ｺﾝｾﾝﾄ5,3.5,,,2.0,,,,,,,,
870.0,1-1,1.0,ｿﾘｯﾄﾞ工具加工室1,RT,6,工具L-1,1-1 D S/S 100A,なし,17,100,1.0,20,加工室手前東壁ｺﾝｾﾝﾄ,3.5,,,2.0,,,,,,,,
871.0,1-1,1.0,ｿﾘｯﾄﾞ工具加工室1,RT,6,工具L-1,1-1 D S/S 100A,なし,18,100,1.0,20,ｿﾘｯﾄﾞ工具加工室2排気ﾌｧﾝ,3.5,,,2.0,,,,,,,,
872.0,1-1,1.0,ｿﾘｯﾄﾞ工具加工室1,RT,6,工具L-1,1-1 D S/S 100A,なし,19,100,1.0,20,ｺﾝｾﾝﾄ(ﾀﾝｸ室),3.5,,,2.0,,,,,,,,
873.0,1-1,1.0,ｿﾘｯﾄﾞ工具加工室1,RT,6,工具L-1,1-1 D S/S 100A,なし,20,100,1.0,20,制御電源,3.5,,,2.0,,,,,,,,
939.0,1-1,1.0,ｿﾘｯﾄﾞ工具事務所,RT,,工具L-2,1-1D変電所電灯盤150A,なし,1,100/200,1.0,150,主幹,13,単相3線式,1.0,2.0,KM-NCT-225A,3900.0,1.0,3900.0,,,,
940.0,1-1,1.0,ｿﾘｯﾄﾞ工具事務所,RT,,工具L-2,1-1D変電所電灯盤150A,なし,1,200,1.0,20,事務所更衣室照明,3,,,2.0,,,,,,,,
941.0,1-1,1.0,ｿﾘｯﾄﾞ工具事務所,RT,,工具L-2,1-1D変電所電灯盤150A,なし,1,200,1.0,20,事務所更衣室照明,3,,,2.0,,,,,,,,
942.0,1-1,1.0,ｿﾘｯﾄﾞ工具事務所,RT,,工具L-2,1-1D変電所電灯盤150A,なし,2,200,1.0,20,ｺﾝﾌﾟﾚｯｻｰ室照明,3.5,,,2.0,,,,,,,,
943.0,1-1,1.0,ｿﾘｯﾄﾞ工具事務所,RT,,工具L-2,1-1D変電所電灯盤150A,なし,3,100,1.0,20,ﾌｧｸﾄﾗｲﾝ西,3.5,,,2.0,,,,,,,,
944.0,1-1,1.0,ｿﾘｯﾄﾞ工具事務所,RT,,工具L-2,1-1D変電所電灯盤150A,なし,4,100,1.0,20,非常灯,3.5,,,2.0,,,,,,,,
945.0,1-1,1.0,ｿﾘｯﾄﾞ工具事務所,RT,,工具L-2,1-1D変電所電灯盤150A,なし,5,100,1.0,20,ｺﾝﾌﾟﾚｯｻｰ室更衣室壁ｺﾝｾﾝﾄ,3.5,,,2.0,,,,,,,,
946.0,1-1,1.0,ｿﾘｯﾄﾞ工具事務所,RT,,工具L-2,1-1D変電所電灯盤150A,なし,6,100,1.0,20,ﾌｧｸﾄﾗｲﾝ東,3.5,,,2.0,,,,,,,,
947.0,1-1,1.0,ｿﾘｯﾄﾞ工具事務所,RT,,工具L-2,1-1D変電所電灯盤150A,なし,7,100,1.0,20,HUBｺﾝｾﾝﾄ,3.5,,,2.0,,,,,,,,
948.0,1-1,1.0,ｿﾘｯﾄﾞ工具事務所,RT,,工具L-2,1-1D変電所電灯盤150A,なし,8,100,1.0,20,壁ｺﾝｾﾝﾄ,3.5,,,2.0,,,,,,,,
949.0,1-1,1.0,ｿﾘｯﾄﾞ工具事務所,RT,,工具L-2,1-1D変電所電灯盤150A,なし,9,200,1.0,20,空調室内機,3.5,,,2.0,,,,,,,,
950.0,1-1,1.0,ｿﾘｯﾄﾞ工具事務所,RT,,工具L-2,1-1D変電所電灯盤150A,なし,10,100,1.0,20,予備,3.5,,,2.0,,,,,,,,
951.0,1-1,1.0,ｿﾘｯﾄﾞ工具事務所,RT,,工具L-2,1-1D変電所電灯盤150A,なし,11,100,1.0,20,ﾘｰﾗｰｺﾝｾﾝﾄ西から3本目,3.5,,,2.0,,,,,,,,
952.0,1-1,1.0,ｿﾘｯﾄﾞ工具事務所,RT,,工具L-2,1-1D変電所電灯盤150A,なし,12,100,1.0,20,ﾘｰﾗｰｺﾝｾﾝﾄ西から4本目,3.5,,,2.0,,,,,,,,
953.0,1-1,1.0,ｿﾘｯﾄﾞ工具事務所,RT,,工具L-2,1-1D変電所電灯盤150A,なし,13,100,1.0,20,西側壁ｺﾝｾﾝﾄ,3.5,,,2.0,,,,,,,,
954.0,1-1,1.0,ｿﾘｯﾄﾞ工具事務所,RT,,工具L-2,1-1D変電所電灯盤150A,なし,14,100,1.0,20,西側壁ｺﾝｾﾝﾄ,3.5,,,2.0,,,,,,,,
791.0,1-1,1.0,ｿﾘｯﾄﾞ工具加工室1,RT,8,工具M-1,1-1工場S/S工具動力配電盤400A 工具M-1盤電源1,なし,20,200,3.0,400,主幹,25,,1.0,3.0,KM-NCT-400A,5200.0,2.0,10400.0,,,,
792.0,1-1,1.0,ｿﾘｯﾄﾞ工具加工室1,RT,8,工具M-1,1-1工場S/S工具動力配電盤400A 工具M-1盤電源1,なし,201,200,3.0,100,空き,なし,,,3.0,,,,,,,,
793.0,1-1,1.0,ｿﾘｯﾄﾞ工具加工室1,RT,8,工具M-1,1-1工場S/S工具動力配電盤400A 工具M-1盤電源1,なし,202,200,3.0,100,P4,11.5,,,3.0,,,,,,,,
794.0,1-1,1.0,ｿﾘｯﾄﾞ工具加工室1,RT,8,工具M-1,1-1工場S/S工具動力配電盤400A 工具M-1盤電源1,なし,203,200,3.0,75,TM25,10,,,3.0,,,,,,,,
795.0,1-1,1.0,ｿﾘｯﾄﾞ工具加工室1,RT,8,工具M-1,1-1工場S/S工具動力配電盤400A 工具M-1盤電源1,なし,204,200,3.0,75,工具FAN制御盤,10,,,3.0,,,,,,,,
796.0,1-1,1.0,ｿﾘｯﾄﾞ工具加工室1,RT,8,工具M-1,1-1工場S/S工具動力配電盤400A 工具M-1盤電源1,なし,205,200,3.0,50,SAACKEｸｰﾗﾝﾄﾎﾟﾝﾌﾟ,9,,,3.0,,,,,,,,
797.0,1-1,1.0,ｿﾘｯﾄﾞ工具加工室1,RT,8,工具M-1,1-1工場S/S工具動力配電盤400A 工具M-1盤電源1,なし,206,200,3.0,50,2000X 3号機,9,,,3.0,,,,,,,,
798.0,1-1,1.0,ｿﾘｯﾄﾞ工具加工室1,RT,8,工具M-1,1-1工場S/S工具動力配電盤400A 工具M-1盤電源1,なし,207,200,3.0,50,空き,なし,,,3.0,,,,,,,,
799.0,1-1,1.0,ｿﾘｯﾄﾞ工具加工室1,RT,8,工具M-1,1-1工場S/S工具動力配電盤400A 工具M-1盤電源1,なし,208,200,3.0,50,2000X 1号機,9,,,3.0,,,,,,,,
800.0,1-1,1.0,ｿﾘｯﾄﾞ工具加工室1,RT,8,工具M-1,1-1工場S/S工具動力配電盤400A 工具M-1盤電源1,なし,209,200,3.0,50,砥石成型機,9,,,3.0,,,,,,,,
801.0,1-1,1.0,ｿﾘｯﾄﾞ工具加工室1,RT,8,工具M-1,1-1工場S/S工具動力配電盤400A 工具M-1盤電源1,なし,210,200,3.0,30,排気ﾌｧﾝALF,3.5,ｿﾘｯﾄﾞ工具加工室2ML-2盤横局所排気装置,,3.0,,,,,,,,
802.0,1-1,1.0,ｿﾘｯﾄﾞ工具加工室1,RT,8,工具M-1,1-1工場S/S工具動力配電盤400A 工具M-1盤電源1,なし,211,200,3.0,30,焼き嵌め装置,4.5,,,3.0,,,,,,,,
803.0,1-1,1.0,ｿﾘｯﾄﾞ工具加工室1,RT,8,工具M-1,1-1工場S/S工具動力配電盤400A 工具M-1盤電源1,なし,212,200,3.0,30,切断機･TPM,5,,,3.0,,,,,,,,
804.0,1-1,1.0,ｿﾘｯﾄﾞ工具加工室1,RT,8,工具M-1,1-1工場S/S工具動力配電盤400A 工具M-1盤電源1,なし,213,200,3.0,30,Gristar6,4,,,3.0,,,,,,,,
805.0,1-1,1.0,ｿﾘｯﾄﾞ工具加工室1,RT,8,工具M-1,1-1工場S/S工具動力配電盤400A 工具M-1盤電源1,なし,214,200,3.0,30,ﾄﾞﾚｽ機･切断機,4,,,3.0,,,,,,,,
806.0,1-1,1.0,ｿﾘｯﾄﾞ工具加工室1,RT,8,工具M-1,1-1工場S/S工具動力配電盤400A 工具M-1盤電源1,なし,215,200,3.0,20,SAACKE1号機ﾀﾝｸｼｮﾝﾎﾟﾝﾌﾟ自動消火ｼｽﾃﾑ,4,,,3.0,,,,,,,,
807.0,1-1,1.0,ｿﾘｯﾄﾞ工具加工室1,RT,8,工具M-1,1-1工場S/S工具動力配電盤400A 工具M-1盤電源1,なし,216,200,3.0,20,SAACKE2号機ﾀﾝｸｼｮﾝﾎﾟﾝﾌﾟ自動消火ｼｽﾃﾑ,4,,,3.0,,,,,,,,
808.0,1-1,1.0,ｿﾘｯﾄﾞ工具加工室1,RT,8,工具M-1,1-1工場S/S工具動力配電盤400A 工具M-1盤電源1,なし,217,200,3.0,20,SAACKE3号機ﾀﾝｸｼｮﾝﾎﾟﾝﾌﾟ自動消火ｼｽﾃﾑ,4,,,3.0,,,,,,,,
809.0,1-1,1.0,ｿﾘｯﾄﾞ工具加工室1,RT,8,工具M-1,1-1工場S/S工具動力配電盤400A 工具M-1盤電源1,なし,218,200,3.0,20,Gristar3,4,,,3.0,,,,,,,,
810.0,1-1,1.0,ｿﾘｯﾄﾞ工具加工室1,RT,8,工具M-1,1-1工場S/S工具動力配電盤400A 工具M-1盤電源1,なし,219,200,3.0,20,Gristar4,4,,,3.0,,,,,,,,
811.0,1-1,1.0,ｿﾘｯﾄﾞ工具加工室1,RT,8,工具M-1,1-1工場S/S工具動力配電盤400A 工具M-1盤電源1,なし,220,200,3.0,30,Gristar5,4,,,3.0,,,,,,,,
812.0,1-1,1.0,ｿﾘｯﾄﾞ工具加工室1,RT,8,工具M-1,1-1工場S/S工具動力配電盤400A 工具M-1盤電源1,なし,221,200,3.0,30,SAACKE4号機ﾀﾝｸｼｮﾝﾎﾟﾝﾌﾟ自動消火ｼｽﾃﾑ,4,,,3.0,,,,,,,,
813.0,1-1,1.0,ｿﾘｯﾄﾞ工具加工室1,RT,8,工具M-1,1-1工場S/S工具動力配電盤400A 工具M-1盤電源1,なし,222,200,3.0,50,空き,なし,,,3.0,,,,,,,,
815.0,1-1,1.0,ｿﾘｯﾄﾞ工具加工室1,RT,8,工具M-1,1-1工場S/S工具動力配電盤400A 工具M-1盤電源2,なし,101,200,3.0,125,SAACKE1,12,,,3.0,,,,,,,,
816.0,1-1,1.0,ｿﾘｯﾄﾞ工具加工室1,RT,8,工具M-1,1-1工場S/S工具動力配電盤400A 工具M-1盤電源2,なし,102,200,3.0,125,SAACKE2,12,,,3.0,,,,,,,,
817.0,1-1,1.0,ｿﾘｯﾄﾞ工具加工室1,RT,8,工具M-1,1-1工場S/S工具動力配電盤400A 工具M-1盤電源2,なし,103,200,3.0,125,SAACKE7,12,,,3.0,,,,,,,,
818.0,1-1,1.0,ｿﾘｯﾄﾞ工具加工室1,RT,8,工具M-1,1-1工場S/S工具動力配電盤400A 工具M-1盤電源2,なし,104,200,3.0,125,SAACKE4,12,,,3.0,,,,,,,,
819.0,1-1,1.0,ｿﾘｯﾄﾞ工具加工室1,RT,8,工具M-1,1-1工場S/S工具動力配電盤400A 工具M-1盤電源2,なし,105,200,3.0,125,SAACKE5,12,,,3.0,,,,,,,,
820.0,1-1,1.0,ｿﾘｯﾄﾞ工具加工室1,RT,8,工具M-1,1-1工場S/S工具動力配電盤400A 工具M-1盤電源2,なし,106,200,3.0,125,濾過ﾀﾝｸ室制御盤,12,,,3.0,,,,,,,,
821.0,1-1,1.0,ｿﾘｯﾄﾞ工具加工室1,RT,8,工具M-1,1-1工場S/S工具動力配電盤400A 工具M-1盤電源2,なし,107,200,3.0,20,SAACKE5ﾀﾝｸｼｮﾝﾎﾟﾝﾌﾟ自動消火ｼｽﾃﾑ,4,,,3.0,,,,,,,,
822.0,1-1,1.0,ｿﾘｯﾄﾞ工具加工室1,RT,8,工具M-1,1-1工場S/S工具動力配電盤400A 工具M-1盤電源2,なし,108,,,,予備,なし,,,3.0,,,,,,,,
823.0,1-1,1.0,ｿﾘｯﾄﾞ工具加工室1,RT,8,工具M-1,1-1工場S/S工具動力配電盤400A 工具M-1盤電源2,なし,109,200,3.0,50,7.5kWｺﾝﾌﾟﾚｯｻｰNo.1,5.5,,,3.0,,,,,,,,
824.0,1-1,1.0,ｿﾘｯﾄﾞ工具加工室1,RT,8,工具M-1,1-1工場S/S工具動力配電盤400A 工具M-1盤電源2,なし,110,200,3.0,50,7.5kWｺﾝﾌﾟﾚｯｻｰNo.2,5.5,,,3.0,,,,,,,,
847.0,1-1,1.0,ｿﾘｯﾄﾞ工具加工室1,RT,5,工具M-1-2,工具M-1電源1 工具M-1-2より,あり,,200,3.0,200,主幹,14.5,,1.0,3.0,KM-NCT-225A,3900.0,2.0,7800.0,,,,
848.0,1-1,1.0,ｿﾘｯﾄﾞ工具加工室1,RT,5,工具M-1-2,工具M-1電源1 工具M-1-2より,あり,,200,3.0,150,ﾌﾞﾗｽﾄ用ｺﾝﾌﾟﾚｯｻ,13,,,3.0,,,,,,,,
849.0,1-1,1.0,ｿﾘｯﾄﾞ工具加工室1,RT,5,工具M-1-2,工具M-1電源1 工具M-1-2より,あり,,200,3.0,50,ﾌﾞﾗｽﾄ装置,9.6,,,3.0,,,,,,,,
850.0,1-1,1.0,ｿﾘｯﾄﾞ工具加工室1,RT,5,工具M-1-2,工具M-1電源1 工具M-1-2より,あり,,200,3.0,30,Gristar1号機,4,,,3.0,,,,,,,,
851.0,1-1,1.0,ｿﾘｯﾄﾞ工具加工室1,RT,5,工具M-1-2,工具M-1電源1 工具M-1-2より,あり,,200,3.0,30,Gristar2号機,4,,,3.0,,,,,,,,
852.0,1-1,1.0,ｿﾘｯﾄﾞ工具加工室1,RT,5,工具M-1-2,工具M-1電源1 工具M-1-2より,あり,,200,1.0,30,ろう付け装置,5.2,,,2.0,,,,,,,,
784.0,1-1,1.0,ｿﾘｯﾄﾞ工具加工室1,RT,3,工具ﾚｲｱｳﾄA盤,1-1電気室400A,なし,,200,3.0,400,主幹,27.5,,1.0,3.0,KM-NCT-400A,5200.0,2.0,10400.0,,,,
785.0,1-1,1.0,ｿﾘｯﾄﾞ工具加工室1,RT,3,工具ﾚｲｱｳﾄA盤,1-1電気室400A,なし,,200,3.0,75,外部ﾎﾟﾝﾌﾟ切替盤,11,,,3.0,,,,,,,,
786.0,1-1,1.0,ｿﾘｯﾄﾞ工具加工室1,RT,4,工具ﾚｲｱｳﾄB盤,1-1電気室400A,なし,,200,3.0,400,主幹,27.5,,1.0,3.0,KM-NCT-400A,5200.0,2.0,10400.0,,,,
787.0,1-1,1.0,ｿﾘｯﾄﾞ工具加工室1,RT,4,工具ﾚｲｱｳﾄB盤,1-1電気室400A,なし,,200,3.0,150,空調室外機環境試験室,5.5,工具ではない？,,3.0,,,,,,,,
788.0,1-1,1.0,ｿﾘｯﾄﾞ工具加工室1,RT,4,工具ﾚｲｱｳﾄB盤,1-1電気室400A,なし,,200,3.0,30,ﾘﾌﾄ充電用ｺﾝｾﾝﾄ,5,工具ではない？,,3.0,,,,,,,,
789.0,1-1,1.0,ｿﾘｯﾄﾞ工具加工室1,RT,4,工具ﾚｲｱｳﾄB盤,1-1電気室400A,なし,,200,3.0,100,QA14ｽｰﾊﾟｰｷｾﾉﾝ盤,16,工具ではない？,,3.0,,,,,,,,
790.0,1-1,1.0,ｿﾘｯﾄﾞ工具加工室1,RT,4,工具ﾚｲｱｳﾄB盤,1-1電気室400A,なし,,200,3.0,50,ﾌﾟﾚﾊﾌﾞ倉庫,9,工具ではない？,,3.0,,,,,,,,
775.0,3-3,4.0,機械室(施錠),,16,工具電灯関係,,,,200,3.0,600,主幹？,25,,1.0,3.0,KM-NCT-600A,5200.0,2.0,10400.0,,,,
205.0,3-3,1.0,ﾎﾙﾀﾞ旋削加工室,開発,,恒温ﾌﾞｰｽ用動力盤,M33-1J-1(1）,あり,MCCB01,200,3.0,150,3φ3W 210V(主幹),15,,,3.0,,,,,,,,
206.0,3-3,1.0,ﾎﾙﾀﾞ旋削加工室,開発,,恒温ﾌﾞｰｽ用動力盤,M33-1J-1(1）,あり,CP01,200,1.0,3,WHM電源,3,,,2.0,,,,,,,,
207.0,3-3,1.0,ﾎﾙﾀﾞ旋削加工室,開発,,恒温ﾌﾞｰｽ用動力盤,M33-1J-1(1）,あり,3,200,3.0,40,恒温ﾌﾞｰｽ,5,,,3.0,,,,,,,,
208.0,3-3,1.0,ﾎﾙﾀﾞ旋削加工室,開発,,恒温ﾌﾞｰｽ用動力盤,M33-1J-1(1）,あり,5,200,3.0,50,ﾁﾗｰ,9.5,,,3.0,,,,,,,,
209.0,3-3,1.0,ﾎﾙﾀﾞ旋削加工室,開発,,恒温ﾌﾞｰｽ用動力盤,M33-1J-1(1）,あり,7,200,1.0,10,自動消火装置,3.2,,,2.0,,,,,,,,
210.0,3-3,1.0,ﾎﾙﾀﾞ旋削加工室,開発,,恒温ﾌﾞｰｽ用動力盤,M33-1J-1(1）,あり,2,200,3.0,75,UVN-450D,9.5,,,3.0,,,,,,,,
211.0,3-3,1.0,ﾎﾙﾀﾞ旋削加工室,開発,,恒温ﾌﾞｰｽ用動力盤,M33-1J-1(1）,あり,4,200,3.0,60,なし,なし,OFF,,3.0,,,,,,,,
212.0,3-3,1.0,ﾎﾙﾀﾞ旋削加工室,開発,,恒温ﾌﾞｰｽ用動力盤,M33-1J-1(1）,あり,8,200,1.0,10,ｴｱﾄﾞﾗｲﾔｰ,3.2,,,2.0,,,,,,,,
980.0,1-1,1.0,ｿﾘｯﾄﾞ工具加工室3,RT,31,手元開閉盤,,なし,,200,3.0,50,未使用,なし,,,3.0,,,,,,,,
535.0,3-3,2.0,CBN加工室,CBN,9~13,洗浄機盤,M33-2F,なし,,200,3.0,200,洗浄機,15,,,3.0,,,,,,,,
536.0,3-3,2.0,CBN加工室,CBN,9~13,洗浄機盤,M33-2F,なし,,200,3.0,20,動力ｺﾝｾﾝﾄ1,4,,,3.0,,,,,,,,
537.0,3-3,2.0,CBN加工室,CBN,9~13,洗浄機盤,M33-2F,なし,,200,3.0,20,動力ｺﾝｾﾝﾄ2,4,,,3.0,,,,,,,,
538.0,3-3,2.0,CBN加工室,CBN,9~13,洗浄機盤,M33-2F,なし,,200,3.0,20,動力ｺﾝｾﾝﾄ3,4,,,3.0,,,,,,,,
539.0,3-3,2.0,CBN加工室,CBN,9~13,洗浄機盤,M33-2F,なし,,200,3.0,20,動力ｺﾝｾﾝﾄ4,4,,,3.0,,,,,,,,
106.0,3-3,1.0,ﾎﾙﾀﾞ回転加工室,ﾎﾙﾀﾞ,,電源盤,M33-1H（左）,あり,,200,3.0,225,5軸M/C(NVX1号機),16,,,3.0,,,,,,,,
107.0,3-3,1.0,ﾎﾙﾀﾞ回転加工室,ﾎﾙﾀﾞ,,電源盤,M33-1H（左）,あり,2,200,3.0,30,ﾛﾎﾞｯﾄ電源,6,,,3.0,,,,,,,,
108.0,3-3,1.0,ﾎﾙﾀﾞ回転加工室,ﾎﾙﾀﾞ,,電源盤,M33-1H（左）,あり,CPMM01,200,3.0,3,ﾏﾙﾁﾒｰﾀｰ電源,2.8,,,3.0,,,,,,,,
109.0,3-3,1.0,ﾎﾙﾀﾞ回転加工室,ﾎﾙﾀﾞ,,電源盤,M33-1H（左）,あり,CP01,200,1.0,3,表示灯電源,2.8,,,2.0,,,,,,,,
981.0,1-1,1.0,ｿﾘｯﾄﾞ工具加工室3,RT,32,電灯盤L-2,,なし,,100/200,1.0,200,主幹,25,単相3線式､手が入らず測定不可,1.0,2.0,KM-NCT-400A,5200.0,1.0,5200.0,,,,
982.0,1-1,1.0,ｿﾘｯﾄﾞ工具加工室3,RT,32,電灯盤L-2,,なし,201,200,1.0,20,S-1東電灯,4.5,,,2.0,,,,,,,,
983.0,1-1,1.0,ｿﾘｯﾄﾞ工具加工室3,RT,32,電灯盤L-2,,なし,202,200,1.0,20,S-1西電灯,4.5,,,2.0,,,,,,,,
984.0,1-1,1.0,ｿﾘｯﾄﾞ工具加工室3,RT,32,電灯盤L-2,,なし,203,200,1.0,20,S-5南電灯,4.5,,,2.0,,,,,,,,
985.0,1-1,1.0,ｿﾘｯﾄﾞ工具加工室3,RT,32,電灯盤L-2,,なし,204,200,1.0,20,S-5中電灯,4.5,,,2.0,,,,,,,,
986.0,1-1,1.0,ｿﾘｯﾄﾞ工具加工室3,RT,32,電灯盤L-2,,なし,205,200,1.0,20,S-5北電灯,4.5,,,2.0,,,,,,,,
987.0,1-1,1.0,ｿﾘｯﾄﾞ工具加工室3,RT,32,電灯盤L-2,,なし,206,200,1.0,20,S-1北電灯,3.5,,,2.0,,,,,,,,
988.0,1-1,1.0,ｿﾘｯﾄﾞ工具加工室3,RT,32,電灯盤L-2,,なし,207,200,1.0,20,S-6前室内玄関電灯,3.5,,,2.0,,,,,,,,
989.0,1-1,1.0,ｿﾘｯﾄﾞ工具加工室3,RT,32,電灯盤L-2,,なし,208,200,1.0,20,ﾗｲﾝ下照明南,3.5,,,2.0,,,,,,,,
990.0,1-1,1.0,ｿﾘｯﾄﾞ工具加工室3,RT,32,電灯盤L-2,,なし,209,100,1.0,20,西側4箇所目,3.5,,,2.0,,,,,,,,
991.0,1-1,1.0,ｿﾘｯﾄﾞ工具加工室3,RT,32,電灯盤L-2,,なし,210,100,1.0,20,C通ｺﾝｾﾝﾄ16-17通間西側2か所,3.5,,,2.0,,,,,,,,
992.0,1-1,1.0,ｿﾘｯﾄﾞ工具加工室3,RT,32,電灯盤L-2,,なし,211,200,1.0,20,予備,4.5,,,2.0,,,,,,,,
993.0,1-1,1.0,ｿﾘｯﾄﾞ工具加工室3,RT,32,電灯盤L-2,,なし,212,200,1.0,20,S-4西電灯,3.5,,,2.0,,,,,,,,
994.0,1-1,1.0,ｿﾘｯﾄﾞ工具加工室3,RT,32,電灯盤L-2,,なし,213,200,1.0,20,S-4東電灯 LED CR電灯,3.5,,,2.0,,,,,,,,
995.0,1-1,1.0,ｿﾘｯﾄﾞ工具加工室3,RT,32,電灯盤L-2,,なし,214,200,1.0,20,"S-2,3電灯 LED CR電灯",3.5,,,2.0,,,,,,,,
996.0,1-1,1.0,ｿﾘｯﾄﾞ工具加工室3,RT,32,電灯盤L-2,,なし,215,200,1.0,20,記載なし,3.5,,,2.0,,,,,,,,
997.0,1-1,1.0,ｿﾘｯﾄﾞ工具加工室3,RT,32,電灯盤L-2,,なし,216,200,1.0,20,非常灯充電用,3.5,,,2.0,,,,,,,,
998.0,1-1,1.0,ｿﾘｯﾄﾞ工具加工室3,RT,32,電灯盤L-2,,なし,217,100,1.0,20,南壁ｺﾝｾﾝﾄ,3.5,,,2.0,,,,,,,,
999.0,1-1,1.0,ｿﾘｯﾄﾞ工具加工室3,RT,32,電灯盤L-2,,なし,218,200,1.0,20,ﾗｲﾝ下照明北側,3.5,,,2.0,,,,,,,,
1000.0,1-1,1.0,ｿﾘｯﾄﾞ工具加工室3,RT,32,電灯盤L-2,,なし,219,100,1.0,20,西より8ヶ所目,3.5,,,2.0,,,,,,,,
1001.0,1-1,1.0,ｿﾘｯﾄﾞ工具加工室3,RT,32,電灯盤L-2,,なし,220,100,1.0,20,C通ｺﾝｾﾝﾄ16-17通間西より6ヶ所目,3.5,,,2.0,,,,,,,,
1002.0,1-1,1.0,ｿﾘｯﾄﾞ工具加工室3,RT,32,電灯盤L-2,,なし,151,100,1.0,20,ｲﾝﾀｰﾎﾝ電源,3.5,,,2.0,,,,,,,,
1003.0,1-1,1.0,ｿﾘｯﾄﾞ工具加工室3,RT,32,電灯盤L-2,,なし,152,100,1.0,20,"S-6,5差込み",3.5,,,2.0,,,,,,,,
1004.0,1-1,1.0,ｿﾘｯﾄﾞ工具加工室3,RT,32,電灯盤L-2,,なし,153,100,1.0,20,S-4差込み,3.5,,,2.0,,,,,,,,
1005.0,1-1,1.0,ｿﾘｯﾄﾞ工具加工室3,RT,32,電灯盤L-2,,なし,154,100,1.0,20,S-3更衣室差込み,3.5,,,2.0,,,,,,,,
1006.0,1-1,1.0,ｿﾘｯﾄﾞ工具加工室3,RT,32,電灯盤L-2,,なし,155,100,1.0,20,"S-1,2差込み",3.5,,,2.0,,,,,,,,
1007.0,1-1,1.0,ｿﾘｯﾄﾞ工具加工室3,RT,32,電灯盤L-2,,なし,156,100,1.0,20,S-1南差込み,3.5,,,2.0,,,,,,,,
1008.0,1-1,1.0,ｿﾘｯﾄﾞ工具加工室3,RT,32,電灯盤L-2,,なし,157,100,1.0,20,女子更衣室FFU電灯,3.5,,,2.0,,,,,,,,
1009.0,1-1,1.0,ｿﾘｯﾄﾞ工具加工室3,RT,32,電灯盤L-2,,なし,158,100,1.0,20,男子更衣室FFU電灯,3.5,,,2.0,,,,,,,,
1010.0,1-1,1.0,ｿﾘｯﾄﾞ工具加工室3,RT,32,電灯盤L-2,,なし,159,100,1.0,20,南壁ｺﾝｾﾝﾄ,3.5,,,2.0,,,,,,,,
1011.0,1-1,1.0,ｿﾘｯﾄﾞ工具加工室3,RT,32,電灯盤L-2,,なし,160,100,1.0,20,ｺﾝﾋﾟｭｰﾀｰ電源,3.5,,,2.0,,,,,,,,
1012.0,1-1,1.0,ｿﾘｯﾄﾞ工具加工室3,RT,32,電灯盤L-2,,なし,101,100,1.0,20,誘導灯,3.5,,,2.0,,,,,,,,
1013.0,1-1,1.0,ｿﾘｯﾄﾞ工具加工室3,RT,32,電灯盤L-2,,なし,102,100,1.0,20,ﾗｲﾝ用ｺﾝｾﾝﾄ①,3.5,,,2.0,,,,,,,,
1014.0,1-1,1.0,ｿﾘｯﾄﾞ工具加工室3,RT,32,電灯盤L-2,,なし,103,100,1.0,20,ﾗｲﾝ用ｺﾝｾﾝﾄ③,3.5,,,2.0,,,,,,,,
1015.0,1-1,1.0,ｿﾘｯﾄﾞ工具加工室3,RT,32,電灯盤L-2,,なし,104,100,1.0,20,ﾗｲﾝ用ｺﾝｾﾝﾄ②,3.5,,,2.0,,,,,,,,
1016.0,1-1,1.0,ｿﾘｯﾄﾞ工具加工室3,RT,32,電灯盤L-2,,なし,105,100,1.0,20,ﾗｲﾝ用ｺﾝｾﾝﾄ④,3.5,,,2.0,,,,,,,,
1017.0,1-1,1.0,ｿﾘｯﾄﾞ工具加工室3,RT,32,電灯盤L-2,,なし,106,100,1.0,20,ﾘﾓｺﾝ操作,3.5,,,2.0,,,,,,,,
1041.0,1-1,1.0,ｿﾘｯﾄﾞ工具加工室3,RT,34,電灯盤ML-B.C.D,,なし,ML-B,100/200,1.0,200,主幹,20,単相3線式､手が入らず測定不可,1.0,2.0,KM-NCT-225A,3900.0,1.0,3900.0,,,,
1042.0,1-1,1.0,ｿﾘｯﾄﾞ工具加工室3,RT,34,電灯盤ML-B.C.D,ML-B,なし,101,100,1.0,30,大型ｼﾐｭﾚｰﾀｰ100V,4,,,2.0,,,,,,,,
1043.0,1-1,1.0,ｿﾘｯﾄﾞ工具加工室3,RT,34,電灯盤ML-B.C.D,ML-B,なし,102,100,1.0,30,ﾗﾐﾈｰﾀｰ100V,4,,,2.0,,,,,,,,
1044.0,1-1,1.0,ｿﾘｯﾄﾞ工具加工室3,RT,34,電灯盤ML-B.C.D,ML-B,なし,103,100,1.0,30,測定機#2 100Vｺﾝｾﾝﾄ,3.5,,,2.0,,,,,,,,
1045.0,1-1,1.0,ｿﾘｯﾄﾞ工具加工室3,RT,34,電灯盤ML-B.C.D,ML-B,なし,104,100,1.0,30,銅箔ｶｯﾄﾃｰﾌﾞﾙ100V,4,,,2.0,,,,,,,,
1046.0,1-1,1.0,ｿﾘｯﾄﾞ工具加工室3,RT,34,電灯盤ML-B.C.D,ML-B,なし,105,100,1.0,30,天井換気扇3台,3.5,,,2.0,,,,,,,,
1047.0,1-1,1.0,ｿﾘｯﾄﾞ工具加工室3,RT,34,電灯盤ML-B.C.D,ML-B,なし,106,100,1.0,30,廊下非常灯,3.5,,,2.0,,,,,,,,
1048.0,1-1,1.0,ｿﾘｯﾄﾞ工具加工室3,RT,34,電灯盤ML-B.C.D,ML-B,なし,107,100,1.0,30,樹脂投入機,なし,,,2.0,,,,,,,,
1049.0,1-1,1.0,ｿﾘｯﾄﾞ工具加工室3,RT,34,電灯盤ML-B.C.D,ML-B,なし,108,100,1.0,30,純水装置ｺﾝｾﾝﾄ,3.5,,,2.0,,,,,,,,
1050.0,1-1,1.0,ｿﾘｯﾄﾞ工具加工室3,RT,34,電灯盤ML-B.C.D,ML-B,なし,109,100,1.0,30,予備,なし,,,2.0,,,,,,,,
1051.0,1-1,1.0,ｿﾘｯﾄﾞ工具加工室3,RT,34,電灯盤ML-B.C.D,ML-B,なし,110,100,1.0,30,CR制御盤,3.5,,,2.0,,,,,,,,
1052.0,1-1,1.0,ｿﾘｯﾄﾞ工具加工室3,RT,34,電灯盤ML-B.C.D,ML-B,なし,,100,1.0,30,大型ｼﾐｭﾚｰﾀｰ横ｺﾝｾﾝﾄ,3.5,,,2.0,,,,,,,,
1053.0,1-1,1.0,ｿﾘｯﾄﾞ工具加工室3,RT,34,電灯盤ML-B.C.D,ML-B,なし,,100,1.0,30,架橋炉100V,なし,,,2.0,,,,,,,,
1054.0,1-1,1.0,ｿﾘｯﾄﾞ工具加工室3,RT,34,電灯盤ML-B.C.D,,なし,ML-C,100/200,1.0,200,主幹,20,単相3線式､手が入らず測定不可,1.0,2.0,KM-NCT-225A,3900.0,1.0,3900.0,,,,
1055.0,1-1,1.0,ｿﾘｯﾄﾞ工具加工室3,RT,34,電灯盤ML-B.C.D,ML-C,なし,111,100,1.0,20,女子ﾄｲﾚｺﾝｾﾝﾄ,3.5,,,2.0,,,,,,,,
1056.0,1-1,1.0,ｿﾘｯﾄﾞ工具加工室3,RT,34,電灯盤ML-B.C.D,ML-C,なし,112,100,1.0,30,応用商品係室100Vｺﾝｾﾝﾄ1,3.5,,,2.0,,,,,,,,
1057.0,1-1,1.0,ｿﾘｯﾄﾞ工具加工室3,RT,34,電灯盤ML-B.C.D,ML-C,なし,113,100,1.0,20,男子ﾄｲﾚｺﾝｾﾝﾄ,3.5,,,2.0,,,,,,,,
1058.0,1-1,1.0,ｿﾘｯﾄﾞ工具加工室3,RT,34,電灯盤ML-B.C.D,ML-C,なし,114,100,1.0,30,応用商品係室100Vｺﾝｾﾝﾄ2,3.5,,,2.0,,,,,,,,
1059.0,1-1,1.0,ｿﾘｯﾄﾞ工具加工室3,RT,34,電灯盤ML-B.C.D,ML-C,なし,115,100,1.0,30,加工室3東側ﾘｰﾗｰｺﾝｾﾝﾄ,3.5,,,2.0,,,,,,,,
1060.0,1-1,1.0,ｿﾘｯﾄﾞ工具加工室3,RT,34,電灯盤ML-B.C.D,ML-C,なし,116,100,1.0,30,応用商品係室100Vｺﾝｾﾝﾄ3,3.5,,,2.0,,,,,,,,
1061.0,1-1,1.0,ｿﾘｯﾄﾞ工具加工室3,RT,34,電灯盤ML-B.C.D,ML-C,なし,117,100,1.0,30,加工室3西側ﾘｰﾗｰｺﾝｾﾝﾄ,3.5,,,2.0,,,,,,,,
1062.0,1-1,1.0,ｿﾘｯﾄﾞ工具加工室3,RT,34,電灯盤ML-B.C.D,ML-C,なし,118,100,1.0,30,応用商品係室100Vｺﾝｾﾝﾄ4,なし,,,2.0,,,,,,,,
1063.0,1-1,1.0,ｿﾘｯﾄﾞ工具加工室3,RT,34,電灯盤ML-B.C.D,ML-C,なし,119,100,1.0,30,予備,なし,,,2.0,,,,,,,,
1064.0,1-1,1.0,ｿﾘｯﾄﾞ工具加工室3,RT,34,電灯盤ML-B.C.D,ML-C,なし,120,100,1.0,30,予備,なし,,,2.0,,,,,,,,
1065.0,1-1,1.0,ｿﾘｯﾄﾞ工具加工室3,RT,34,電灯盤ML-B.C.D,ML-C,なし,,100,1.0,30,予備,なし,,,2.0,,,,,,,,
1066.0,1-1,1.0,ｿﾘｯﾄﾞ工具加工室3,RT,34,電灯盤ML-B.C.D,ML-C,なし,,100,1.0,30,予備,なし,,,2.0,,,,,,,,
1067.0,1-1,1.0,ｿﾘｯﾄﾞ工具加工室3,RT,34,電灯盤ML-B.C.D,,なし,ML-D,100/200,1.0,150,主幹(LED事業部用),20,単相3線式､手が入らず測定不可,1.0,2.0,KM-NCT-225A,3900.0,1.0,3900.0,,,,
1068.0,1-1,1.0,ｿﾘｯﾄﾞ工具加工室3,RT,34,電灯盤ML-B.C.D,ML-D,なし,121,100,1.0,30,LED通路側壁面埋め込み,4,,,2.0,,,,,,,,
1069.0,1-1,1.0,ｿﾘｯﾄﾞ工具加工室3,RT,34,電灯盤ML-B.C.D,ML-D,なし,122,100,1.0,30,CS開発第1事務所ｺﾝｾﾝﾄ122,4,,,2.0,,,,,,,,
1070.0,1-1,1.0,ｿﾘｯﾄﾞ工具加工室3,RT,34,電灯盤ML-B.C.D,ML-D,なし,123,100,1.0,30,LED通路側壁面埋め込み,4,,,2.0,,,,,,,,
1071.0,1-1,1.0,ｿﾘｯﾄﾞ工具加工室3,RT,34,電灯盤ML-B.C.D,ML-D,なし,124,100,1.0,30,LED通路側壁面埋め込み,4,,,2.0,,,,,,,,
1072.0,1-1,1.0,ｿﾘｯﾄﾞ工具加工室3,RT,34,電灯盤ML-B.C.D,ML-D,なし,125,100,1.0,30,CS開発第1事務所ｺﾝｾﾝﾄ125,3.5,,,2.0,,,,,,,,
1073.0,1-1,1.0,ｿﾘｯﾄﾞ工具加工室3,RT,34,電灯盤ML-B.C.D,ML-D,なし,126,100,1.0,30,CS開発第1事務所ｺﾝｾﾝﾄ126,3.5,,,2.0,,,,,,,,
1074.0,1-1,1.0,ｿﾘｯﾄﾞ工具加工室3,RT,34,電灯盤ML-B.C.D,ML-D,なし,127,100,1.0,30,北側壁面127ｺﾝｾﾝﾄ,3.5,,,2.0,,,,,,,,
1075.0,1-1,1.0,ｿﾘｯﾄﾞ工具加工室3,RT,34,電灯盤ML-B.C.D,ML-D,なし,128,100,1.0,30,北側壁面128ｺﾝｾﾝﾄ,3.5,,,2.0,,,,,,,,
1076.0,1-1,1.0,ｿﾘｯﾄﾞ工具加工室3,RT,34,電灯盤ML-B.C.D,ML-D,なし,129,100,1.0,30,ﾌﾟﾚﾋｰﾀｰ,3.5,,,2.0,,,,,,,,
1077.0,1-1,1.0,ｿﾘｯﾄﾞ工具加工室3,RT,34,電灯盤ML-B.C.D,ML-D,なし,130,100,1.0,30,ﾌﾛｱｰｺﾝｾﾝﾄ2,OFF,OFF,,2.0,,,,,,,,
1078.0,1-1,1.0,ｿﾘｯﾄﾞ工具加工室3,RT,34,電灯盤ML-B.C.D,ML-D,なし,131,100,1.0,30,ﾌﾛｱｰｺﾝｾﾝﾄ1,OFF,OFF,,2.0,,,,,,,,
1079.0,1-1,1.0,ｿﾘｯﾄﾞ工具加工室3,RT,34,電灯盤ML-B.C.D,ML-D,なし,132,100,1.0,30,不明,OFF,OFF,,2.0,,,,,,,,
1080.0,1-1,1.0,ｿﾘｯﾄﾞ工具加工室3,RT,34,電灯盤ML-B.C.D,ML-D,なし,,100,1.0,30,予備,なし,,,2.0,,,,,,,,
1081.0,1-1,1.0,ｿﾘｯﾄﾞ工具加工室3,RT,34,電灯盤ML-B.C.D,ML-D,なし,,100,1.0,30,予備,なし,,,2.0,,,,,,,,
394.0,3-3,1.0,ﾎﾙﾀﾞ後処理室,ﾎﾙﾀﾞ,,動力盤1M-1-1,1M-1,なし,,200,3.0,50,超音波洗浄機,5,,,3.0,,,,,,,,
395.0,3-3,1.0,ﾎﾙﾀﾞ後処理室,ﾎﾙﾀﾞ,,動力盤1M-1-1,1M-1,なし,,200,3.0,100,なし,なし,OFF,,3.0,,,,,,,,
396.0,3-3,1.0,ﾎﾙﾀﾞ後処理室,ﾎﾙﾀﾞ,,動力盤1M-1-1,1M-1,なし,,200,1.0,50,半自動印字機,5,,,2.0,,,,,,,,
397.0,3-3,1.0,ﾎﾙﾀﾞ後処理室,ﾎﾙﾀﾞ,,動力盤1M-1-1,1M-1,なし,,200,3.0,50,ﾌﾞﾛｰﾄﾞﾋﾞｭｰﾚｰｻﾞｰﾏｰｷﾝｸﾞ,5,,,3.0,,,,,,,,
398.0,3-3,1.0,ﾎﾙﾀﾞ後処理室,ﾎﾙﾀﾞ,,動力盤1M-1-1,1M-1,なし,,200,3.0,50,SKCﾚｰｻﾞｰ印字機,5,,,3.0,,,,,,,,
399.0,3-3,1.0,ﾎﾙﾀﾞ後処理室,ﾎﾙﾀﾞ,,動力盤1M-1-1,1M-1,なし,,200,3.0,20,ﾊﾞﾌ研磨機,3,,,3.0,,,,,,,,
935.0,1-1,1.0,ｿﾘｯﾄﾞ工具加工室2,RT,,動力盤A,SE-3 A盤,なし,MCCB1,200,3.0,150,主幹,15,,1.0,3.0,KM-NCT-225A,3900.0,2.0,7800.0,,,,
936.0,1-1,1.0,ｿﾘｯﾄﾞ工具加工室2,RT,,動力盤A,SE-3 A盤,なし,MCCB1,200,3.0,125,SAACKE開発機,12.5,,,3.0,,,,,,,,
937.0,1-1,1.0,ｿﾘｯﾄﾞ工具加工室2,RT,,動力盤A,SE-3 A盤,なし,MCCB2,200,3.0,15,ﾐｽﾄﾚｰｻｰ,3,,,3.0,,,,,,,,
938.0,1-1,1.0,ｿﾘｯﾄﾞ工具加工室2,RT,,動力盤A,SE-3 A盤,なし,MCCB3,200,1.0,20,自動消火ｼｽﾃﾑ,3,,,2.0,,,,,,,,
110.0,3-3,1.0,ﾎﾙﾀﾞ加工室,ﾎﾙﾀﾞ,,動力盤B,M33-1H（左）,あり,1,200,3.0,225,NV5000α#1,15,,,3.0,,,,,,,,
111.0,3-3,1.0,ﾎﾙﾀﾞ加工室,ﾎﾙﾀﾞ,,動力盤B,M33-1H（左）,あり,2,200,3.0,225,NV5000α#2,15,,,3.0,,,,,,,,
112.0,3-3,1.0,ﾎﾙﾀﾞ加工室,ﾎﾙﾀﾞ,,動力盤B,M33-1H（左）,あり,3,200,3.0,20,NV5000α#1,4,,,3.0,,,,,,,,
113.0,3-3,1.0,ﾎﾙﾀﾞ加工室,ﾎﾙﾀﾞ,,動力盤B,M33-1H（左）,あり,4,200,3.0,20,NV5000α#2,4,,,3.0,,,,,,,,
114.0,3-3,1.0,ﾎﾙﾀﾞ加工室,ﾎﾙﾀﾞ,,動力盤B,M33-1H（左）,あり,,200,3.0,50,なし,4,OFF,,3.0,,,,,,,,
115.0,3-3,1.0,ﾎﾙﾀﾞ加工室,ﾎﾙﾀﾞ,,動力盤B,M33-1H（左）,あり,,200,3.0,15,なし,なし,OFF,,3.0,,,,,,,,
116.0,3-3,1.0,ﾎﾙﾀﾞ測定室,ﾎﾙﾀﾞ,,動力盤C,M33-1H（左）,あり,,200,3.0,250,なし,19,,,3.0,,,,,,,,
117.0,3-3,1.0,ﾎﾙﾀﾞ測定室,ﾎﾙﾀﾞ,,動力盤C,M33-1H（左）,あり,2,200,3.0,100,TSUNE切断機,11,,,3.0,,,,,,,,
118.0,3-3,1.0,ﾎﾙﾀﾞ測定室,ﾎﾙﾀﾞ,,動力盤C,M33-1H（左）,あり,,200,3.0,50,なし,5,OFF,,3.0,,,,,,,,
119.0,3-3,1.0,ﾎﾙﾀﾞ測定室,ﾎﾙﾀﾞ,,動力盤C,M33-1H（左）,あり,,200,3.0,20,なし,5,OFF,,3.0,,,,,,,,
120.0,3-3,1.0,ﾎﾙﾀﾞ測定室,ﾎﾙﾀﾞ,,動力盤C,M33-1H（左）,あり,,200,3.0,20,なし,4,OFF,,3.0,,,,,,,,
315.0,3-3,1.0,ﾎﾙﾀﾞ旋削加工室,ﾎﾙﾀﾞ,,動力盤D,,なし,,200,3.0,350,主幹,22,,1.0,3.0,KM-NCT-400A,5200.0,2.0,10400.0,,,,
316.0,3-3,1.0,ﾎﾙﾀﾞ旋削加工室,ﾎﾙﾀﾞ,,動力盤D,,なし,,200,1.0,30,南側単相200Vｺﾝｾﾝﾄ,4.4,,,2.0,,,,,,,,
317.0,3-3,1.0,ﾎﾙﾀﾞ旋削加工室,ﾎﾙﾀﾞ,,動力盤D,,なし,,200,3.0,30,動力ｺﾝｾﾝﾄ1,5.2,,,3.0,,,,,,,,
579.0,3-3,2.0,ﾗｯﾌﾟ室,CBN,9~13,動力分電盤,M33-2F 75Aより,なし,,200,3.0,75,主幹,10,,1.0,3.0,KM-NCT-100A,3220.0,2.0,6440.0,,,,
580.0,3-3,2.0,ﾗｯﾌﾟ室,CBN,9~13,動力分電盤,M33-2F 75Aより,なし,,200,3.0,30,ﾗｯﾌﾟ,5,,,3.0,,,,,,,,
581.0,3-3,2.0,ﾗｯﾌﾟ室,CBN,9~13,動力分電盤,M33-2F 75Aより,なし,,200,3.0,30,なし,なし,,,3.0,,,,,,,,
582.0,3-3,2.0,ﾗｯﾌﾟ室,CBN,9~13,動力分電盤,M33-2F 75Aより,なし,,200,3.0,30,なし,なし,,,3.0,,,,,,,,
776.0,3-3,4.0,機械室,,,熱源制御盤,,,,200,3.0,600,主幹？,25,,1.0,3.0,KM-NCT-600A,5200.0,2.0,10400.0,,,,
98.0,3-3,1.0,ﾎﾙﾀﾞ回転加工室,ﾎﾙﾀﾞ,,排気ﾌｧﾝ操作盤,M33-1W,あり,,200,3.0,10,排気ﾌｧﾝ,3,,,3.0,,,,,,,,
577.0,3-3,2.0,ろう付室,CBN,9~13,排熱ﾀﾞｸﾄ盤,M33-2F,なし,,200,3.0,20,なし,3×2本,未使用？,,3.0,,,,,,,,
845.0,1-1,1.0,ｿﾘｯﾄﾞ工具加工室1,RT,,盤名なし,1-1工場S/S工具動力配電盤400A 工具M-1盤電源1,なし,,200,3.0,150,ｿﾘｯﾄﾞ工具加工室空調,15,,,3.0,,,,,,,,
846.0,1-1,1.0,ｿﾘｯﾄﾞ工具加工室1,RT,,盤名なし,1-1工場S/S工具動力配電盤400A 工具M-1盤電源1,なし,,200,1.0,30,ｿﾘｯﾄﾞ工具加工室空調,3.5,,,2.0,,,,,,,,
